--------------------------------------------------------
--  Datei erstellt -Montag-Oktober-11-2021   
--------------------------------------------------------
--------------------------------------------------------
--  DDL for Table ARTIKEL
--------------------------------------------------------

  CREATE TABLE "ARTIKEL" ("ARTIKELNR" NUMBER(38,0), "ARTIKELNAME" VARCHAR2(128), "ARTIKELGRUPPE" VARCHAR2(26), "EINSTANDSPREIS" NUMBER(38,0), "KALKULATIONSFAKTOR" NUMBER(38,1), "LAGERBESTAND" NUMBER(38,0), "MINDESTBESTAND" NUMBER(38,0))
--------------------------------------------------------
--  DDL for Table ARTIKELGRUPPEN
--------------------------------------------------------

  CREATE TABLE "ARTIKELGRUPPEN" ("ARTIKELGRUPPE" VARCHAR2(26), "BEZEICHNUNG" VARCHAR2(26))
--------------------------------------------------------
--  DDL for Table AUFTRAG
--------------------------------------------------------

  CREATE TABLE "AUFTRAG" ("AUFTRAGSNUMMER" VARCHAR2(26), "KUNDENNUMMER" VARCHAR2(26), "AUFTRAGSDATUM" DATE, "MITARBEITERNUMMER" VARCHAR2(26))
--------------------------------------------------------
--  DDL for Table AUFTRAGSPOSITION
--------------------------------------------------------

  CREATE TABLE "AUFTRAGSPOSITION" ("AUFTRAGSNUMMER" VARCHAR2(26), "AUFTRAGSPOSITION" NUMBER(38,0), "ARTIKELNR" NUMBER(38,0), "AUFTRAGSMENGE" NUMBER(38,0), "AUFTRAGSPREIS" NUMBER(38,0))
--------------------------------------------------------
--  DDL for Table EINDEUT_PLZ
--------------------------------------------------------

  CREATE TABLE "EINDEUT_PLZ" ("PLZ" NUMBER(38,0), "ORT" VARCHAR2(26))
--------------------------------------------------------
--  DDL for Table KUNDE
--------------------------------------------------------

  CREATE TABLE "KUNDE" ("KUNDENNUMMER" VARCHAR2(26), "VORNAME" VARCHAR2(26), "NAME" VARCHAR2(128), "ANSPRECHPARTNER" VARCHAR2(26), "STRASSE" VARCHAR2(26), "PLZ" NUMBER(38,0), "TELEFON" VARCHAR2(26), "TELEFAX" VARCHAR2(26), "UMSATZ" NUMBER(38,0), "RABATTSATZ" NUMBER(38,0), "ZAHLUNGSZIEL" NUMBER(38,0))
--------------------------------------------------------
--  DDL for Table MITARBEITER
--------------------------------------------------------

  CREATE TABLE "MITARBEITER" ("MITARBEITERNUMMER" VARCHAR2(26), "NAME" VARCHAR2(26), "VORNAME" VARCHAR2(26), "GESCHLECHT" VARCHAR2(26), "STEUERKL" VARCHAR2(26), "PLZ" NUMBER(38,0), "STRASSE" VARCHAR2(26), "GEBOREN" DATE, "EINTRITT" DATE, "ABTEILUNG" VARCHAR2(26), "PROVISIONSSATZ" NUMBER(38,0), "UMSATZ" NUMBER(38,0), "GEHALT" NUMBER(38,0), "KOSTENSTELLE" NUMBER(38,0))
REM INSERTING into ARTIKEL
SET DEFINE OFF;
Insert into ARTIKEL (ARTIKELNR,ARTIKELNAME,ARTIKELGRUPPE,EINSTANDSPREIS,KALKULATIONSFAKTOR,LAGERBESTAND,MINDESTBESTAND) values ('10001','Soundkarte PCI  Creative Labs Soundblaster Live 1024 bulk','KP','16','1,8','59','10');
Insert into ARTIKEL (ARTIKELNR,ARTIKELNAME,ARTIKELGRUPPE,EINSTANDSPREIS,KALKULATIONSFAKTOR,LAGERBESTAND,MINDESTBESTAND) values ('10002','Soundkarte PCI  Creative Labs Soundblaster Live Platinum!','KP','64','1,8','66','10');
Insert into ARTIKEL (ARTIKELNR,ARTIKELNAME,ARTIKELGRUPPE,EINSTANDSPREIS,KALKULATIONSFAKTOR,LAGERBESTAND,MINDESTBESTAND) values ('10003','Soundkarte PCI  Creative Labs Soundblaster LivePlayer 1024','KP','25','1,8','75','10');
Insert into ARTIKEL (ARTIKELNR,ARTIKELNAME,ARTIKELGRUPPE,EINSTANDSPREIS,KALKULATIONSFAKTOR,LAGERBESTAND,MINDESTBESTAND) values ('10004','Soundkarte PCI  Creative Labs Soundblaster PCI 128','KP','3','1,8','68','10');
Insert into ARTIKEL (ARTIKELNR,ARTIKELNAME,ARTIKELGRUPPE,EINSTANDSPREIS,KALKULATIONSFAKTOR,LAGERBESTAND,MINDESTBESTAND) values ('10005','Soundkarte PCI  TerraTec 128i PCI SoundCard','KP','6','1,8','41','10');
Insert into ARTIKEL (ARTIKELNR,ARTIKELNAME,ARTIKELGRUPPE,EINSTANDSPREIS,KALKULATIONSFAKTOR,LAGERBESTAND,MINDESTBESTAND) values ('10006','TV-Karte PCI  Askey Xpress  TV/Radio/Fernbedienung','KP','23','1,8','64','10');
Insert into ARTIKEL (ARTIKELNR,ARTIKELNAME,ARTIKELGRUPPE,EINSTANDSPREIS,KALKULATIONSFAKTOR,LAGERBESTAND,MINDESTBESTAND) values ('10007','TV-Karte PCI  Hauppauge Win/TV DVB-s  Satelliten TV/Radio','KP','318','1,8','72','10');
Insert into ARTIKEL (ARTIKELNR,ARTIKELNAME,ARTIKELGRUPPE,EINSTANDSPREIS,KALKULATIONSFAKTOR,LAGERBESTAND,MINDESTBESTAND) values ('10008','TV-Karte PCI  Hauppauge Win/TV GO  TV/Videotext','KP','16','1,8','11','10');
Insert into ARTIKEL (ARTIKELNR,ARTIKELNAME,ARTIKELGRUPPE,EINSTANDSPREIS,KALKULATIONSFAKTOR,LAGERBESTAND,MINDESTBESTAND) values ('10009','TV-Karte PCI  Hauppauge Win/TV Primio  TV/Radio/Fernbedienung','KP','45','1,8','62','10');
Insert into ARTIKEL (ARTIKELNR,ARTIKELNAME,ARTIKELGRUPPE,EINSTANDSPREIS,KALKULATIONSFAKTOR,LAGERBESTAND,MINDESTBESTAND) values ('10010','TV-Karte PCI  Hauppauge Win/TV Theater  Dolby-Surround/TV/Radio/Fernbed.','KP','6','1,8','77','10');
Insert into ARTIKEL (ARTIKELNR,ARTIKELNAME,ARTIKELGRUPPE,EINSTANDSPREIS,KALKULATIONSFAKTOR,LAGERBESTAND,MINDESTBESTAND) values ('10011','TV-Karte USB  Hauppauge Win/TV USB  TV/Radio','KP','19','1,8','28','10');
Insert into ARTIKEL (ARTIKELNR,ARTIKELNAME,ARTIKELGRUPPE,EINSTANDSPREIS,KALKULATIONSFAKTOR,LAGERBESTAND,MINDESTBESTAND) values ('10012','Soundkarte PCI  Arowana o.Ä. 32bit bulk','KP','16','1,8','16','10');
Insert into ARTIKEL (ARTIKELNR,ARTIKELNAME,ARTIKELGRUPPE,EINSTANDSPREIS,KALKULATIONSFAKTOR,LAGERBESTAND,MINDESTBESTAND) values ('20001','Modem analog  extern  Acer Modem 56K Voice/Surf II  seriell  Voice/Data/Fax','KN','71','2,5','38','25');
Insert into ARTIKEL (ARTIKELNR,ARTIKELNAME,ARTIKELGRUPPE,EINSTANDSPREIS,KALKULATIONSFAKTOR,LAGERBESTAND,MINDESTBESTAND) values ('20002','Modem analog  extern  Elsa Microlink 56k basic  seriell  Voice/Data/Fax','KN','77','2,5','40','25');
Insert into ARTIKEL (ARTIKELNR,ARTIKELNAME,ARTIKELGRUPPE,EINSTANDSPREIS,KALKULATIONSFAKTOR,LAGERBESTAND,MINDESTBESTAND) values ('20003','Modem analog  extern  Elsa Microlink 56k USB  USB  Voice/Data/Fax','KN','97','2,5','57','25');
Insert into ARTIKEL (ARTIKELNR,ARTIKELNAME,ARTIKELGRUPPE,EINSTANDSPREIS,KALKULATIONSFAKTOR,LAGERBESTAND,MINDESTBESTAND) values ('20004','Modem analog  intern  Elsa Microlink 56k intern  PCI  Voice/Data/Fax','KN','58','2,5','40','25');
Insert into ARTIKEL (ARTIKELNR,ARTIKELNAME,ARTIKELGRUPPE,EINSTANDSPREIS,KALKULATIONSFAKTOR,LAGERBESTAND,MINDESTBESTAND) values ('20005','Modem ISDN  extern  AVM Fritz!Card  USB  Voice/Data/Fax','KN','129','2,5','97','25');
Insert into ARTIKEL (ARTIKELNR,ARTIKELNAME,ARTIKELGRUPPE,EINSTANDSPREIS,KALKULATIONSFAKTOR,LAGERBESTAND,MINDESTBESTAND) values ('20006','Modem ISDN  extern  Elsa Microlink ISDN USB  USB  Voice/Data/Fax','KN','116','2,5','37','25');
Insert into ARTIKEL (ARTIKELNR,ARTIKELNAME,ARTIKELGRUPPE,EINSTANDSPREIS,KALKULATIONSFAKTOR,LAGERBESTAND,MINDESTBESTAND) values ('20007','Modem ISDN  intern  AVM Fritz!Card  ISA  Voice/Data/Fax','KN','94','2,5','26','25');
Insert into ARTIKEL (ARTIKELNR,ARTIKELNAME,ARTIKELGRUPPE,EINSTANDSPREIS,KALKULATIONSFAKTOR,LAGERBESTAND,MINDESTBESTAND) values ('20008','Modem ISDN  intern  AVM Fritz!Card  PCI  Voice/Data/Fax','KN','97','2,5','82','25');
Insert into ARTIKEL (ARTIKELNR,ARTIKELNAME,ARTIKELGRUPPE,EINSTANDSPREIS,KALKULATIONSFAKTOR,LAGERBESTAND,MINDESTBESTAND) values ('20009','Modem ISDN  intern  AVM Fritz!Card  PCMCIA  Voice/Data/Fax','KN','259','2,5','34','25');
Insert into ARTIKEL (ARTIKELNR,ARTIKELNAME,ARTIKELGRUPPE,EINSTANDSPREIS,KALKULATIONSFAKTOR,LAGERBESTAND,MINDESTBESTAND) values ('20010','Verlängerung  Modemverlängerungskabel TAE-N/TAE-N 10m/15m','ZU','16','2,5','91','25');
Insert into ARTIKEL (ARTIKELNR,ARTIKELNAME,ARTIKELGRUPPE,EINSTANDSPREIS,KALKULATIONSFAKTOR,LAGERBESTAND,MINDESTBESTAND) values ('30001','CPU Intel Celeron 600','KP','181','2','60','50');
Insert into ARTIKEL (ARTIKELNR,ARTIKELNAME,ARTIKELGRUPPE,EINSTANDSPREIS,KALKULATIONSFAKTOR,LAGERBESTAND,MINDESTBESTAND) values ('30002','CPU Intel Celeron 700','KP','250','2','89','50');
Insert into ARTIKEL (ARTIKELNR,ARTIKELNAME,ARTIKELGRUPPE,EINSTANDSPREIS,KALKULATIONSFAKTOR,LAGERBESTAND,MINDESTBESTAND) values ('30003','CPU Intel Pentium III 600','KP','305','2','77','50');
Insert into ARTIKEL (ARTIKELNR,ARTIKELNAME,ARTIKELGRUPPE,EINSTANDSPREIS,KALKULATIONSFAKTOR,LAGERBESTAND,MINDESTBESTAND) values ('30004','CPU Intel Pentium III 700','KP','337','2','65','50');
Insert into ARTIKEL (ARTIKELNR,ARTIKELNAME,ARTIKELGRUPPE,EINSTANDSPREIS,KALKULATIONSFAKTOR,LAGERBESTAND,MINDESTBESTAND) values ('30005','CPU Intel Pentium III 800','KP','448','2','95','50');
Insert into ARTIKEL (ARTIKELNR,ARTIKELNAME,ARTIKELGRUPPE,EINSTANDSPREIS,KALKULATIONSFAKTOR,LAGERBESTAND,MINDESTBESTAND) values ('30006','CPU Intel Pentium III 500','KP','227','2','30','50');
Insert into ARTIKEL (ARTIKELNR,ARTIKELNAME,ARTIKELGRUPPE,EINSTANDSPREIS,KALKULATIONSFAKTOR,LAGERBESTAND,MINDESTBESTAND) values ('30007','CPU Intel Pentium III 550','KP','238','2','70','50');
Insert into ARTIKEL (ARTIKELNR,ARTIKELNAME,ARTIKELGRUPPE,EINSTANDSPREIS,KALKULATIONSFAKTOR,LAGERBESTAND,MINDESTBESTAND) values ('30008','CPU Intel Pentium III 600','KP','324','2','7','50');
Insert into ARTIKEL (ARTIKELNR,ARTIKELNAME,ARTIKELGRUPPE,EINSTANDSPREIS,KALKULATIONSFAKTOR,LAGERBESTAND,MINDESTBESTAND) values ('30009','CPU Intel Pentium III 700','KP','363','2','93','50');
Insert into ARTIKEL (ARTIKELNR,ARTIKELNAME,ARTIKELGRUPPE,EINSTANDSPREIS,KALKULATIONSFAKTOR,LAGERBESTAND,MINDESTBESTAND) values ('30010','CPU Intel Pentium III 800','KP','487','2','61','50');
Insert into ARTIKEL (ARTIKELNR,ARTIKELNAME,ARTIKELGRUPPE,EINSTANDSPREIS,KALKULATIONSFAKTOR,LAGERBESTAND,MINDESTBESTAND) values ('30011','CPU Intel Celeron 600','KP','181','2','62','50');
Insert into ARTIKEL (ARTIKELNR,ARTIKELNAME,ARTIKELGRUPPE,EINSTANDSPREIS,KALKULATIONSFAKTOR,LAGERBESTAND,MINDESTBESTAND) values ('30012','CPU Intel Celeron 700','KP','250','2','78','50');
Insert into ARTIKEL (ARTIKELNR,ARTIKELNAME,ARTIKELGRUPPE,EINSTANDSPREIS,KALKULATIONSFAKTOR,LAGERBESTAND,MINDESTBESTAND) values ('30013','CPU Intel Pentium III 600','KP','305','2','61','50');
Insert into ARTIKEL (ARTIKELNR,ARTIKELNAME,ARTIKELGRUPPE,EINSTANDSPREIS,KALKULATIONSFAKTOR,LAGERBESTAND,MINDESTBESTAND) values ('30014','CPU Intel Pentium III 700','KP','337','2','95','50');
Insert into ARTIKEL (ARTIKELNR,ARTIKELNAME,ARTIKELGRUPPE,EINSTANDSPREIS,KALKULATIONSFAKTOR,LAGERBESTAND,MINDESTBESTAND) values ('30015','CPU Intel Pentium III 800','KP','448','2','84','50');
Insert into ARTIKEL (ARTIKELNR,ARTIKELNAME,ARTIKELGRUPPE,EINSTANDSPREIS,KALKULATIONSFAKTOR,LAGERBESTAND,MINDESTBESTAND) values ('30016','CPU Intel Pentium III 500','KP','227','2','55','50');
Insert into ARTIKEL (ARTIKELNR,ARTIKELNAME,ARTIKELGRUPPE,EINSTANDSPREIS,KALKULATIONSFAKTOR,LAGERBESTAND,MINDESTBESTAND) values ('30017','CPU Intel Pentium III 550','KP','238','2','56','50');
Insert into ARTIKEL (ARTIKELNR,ARTIKELNAME,ARTIKELGRUPPE,EINSTANDSPREIS,KALKULATIONSFAKTOR,LAGERBESTAND,MINDESTBESTAND) values ('30018','CPU Intel Pentium III 600','KP','324','2','48','50');
Insert into ARTIKEL (ARTIKELNR,ARTIKELNAME,ARTIKELGRUPPE,EINSTANDSPREIS,KALKULATIONSFAKTOR,LAGERBESTAND,MINDESTBESTAND) values ('30019','CPU Intel Pentium III 700','KP','363','2','72','50');
Insert into ARTIKEL (ARTIKELNR,ARTIKELNAME,ARTIKELGRUPPE,EINSTANDSPREIS,KALKULATIONSFAKTOR,LAGERBESTAND,MINDESTBESTAND) values ('30020','CPU Intel Pentium III 800','KP','487','2','55','50');
Insert into ARTIKEL (ARTIKELNR,ARTIKELNAME,ARTIKELGRUPPE,EINSTANDSPREIS,KALKULATIONSFAKTOR,LAGERBESTAND,MINDESTBESTAND) values ('30021','CPU AMD K7 Athlon 1000','KP','682','2','64','50');
Insert into ARTIKEL (ARTIKELNR,ARTIKELNAME,ARTIKELGRUPPE,EINSTANDSPREIS,KALKULATIONSFAKTOR,LAGERBESTAND,MINDESTBESTAND) values ('30022','CPU AMD K7 Athlon 650','KP','188','2','69','50');
Insert into ARTIKEL (ARTIKELNR,ARTIKELNAME,ARTIKELGRUPPE,EINSTANDSPREIS,KALKULATIONSFAKTOR,LAGERBESTAND,MINDESTBESTAND) values ('30023','CPU AMD K7 Athlon 700','KP','260','2','72','50');
Insert into ARTIKEL (ARTIKELNR,ARTIKELNAME,ARTIKELGRUPPE,EINSTANDSPREIS,KALKULATIONSFAKTOR,LAGERBESTAND,MINDESTBESTAND) values ('30024','CPU AMD K7 Athlon 800','KP','318','2','22','50');
Insert into ARTIKEL (ARTIKELNR,ARTIKELNAME,ARTIKELGRUPPE,EINSTANDSPREIS,KALKULATIONSFAKTOR,LAGERBESTAND,MINDESTBESTAND) values ('30025','CPU AMD K6 II 500','KP','108','2','78','50');
Insert into ARTIKEL (ARTIKELNR,ARTIKELNAME,ARTIKELGRUPPE,EINSTANDSPREIS,KALKULATIONSFAKTOR,LAGERBESTAND,MINDESTBESTAND) values ('30026','CPU AMD DURON 600','KP','120','2','56','50');
Insert into ARTIKEL (ARTIKELNR,ARTIKELNAME,ARTIKELGRUPPE,EINSTANDSPREIS,KALKULATIONSFAKTOR,LAGERBESTAND,MINDESTBESTAND) values ('30027','CPU AMD K7 Athlon 10 Thunderbird','KP','682','2','82','50');
Insert into ARTIKEL (ARTIKELNR,ARTIKELNAME,ARTIKELGRUPPE,EINSTANDSPREIS,KALKULATIONSFAKTOR,LAGERBESTAND,MINDESTBESTAND) values ('30028','RAM DIMM 32 S-DRAM PC100 168pin. 8ns','KP','58','2','75','50');
Insert into ARTIKEL (ARTIKELNR,ARTIKELNAME,ARTIKELGRUPPE,EINSTANDSPREIS,KALKULATIONSFAKTOR,LAGERBESTAND,MINDESTBESTAND) values ('30029','RAM DIMM 64MB S-DRAM PC100 168pin. 7/8ns','KP','91','2','23','50');
Insert into ARTIKEL (ARTIKELNR,ARTIKELNAME,ARTIKELGRUPPE,EINSTANDSPREIS,KALKULATIONSFAKTOR,LAGERBESTAND,MINDESTBESTAND) values ('30030','RAM DIMM 64MB S-DRAM PC133 Infineon  168 pin','KP','129','2','70','50');
Insert into ARTIKEL (ARTIKELNR,ARTIKELNAME,ARTIKELGRUPPE,EINSTANDSPREIS,KALKULATIONSFAKTOR,LAGERBESTAND,MINDESTBESTAND) values ('30031','RAM DIMM 64MB S-DRAM PC133 168pin.','KP','97','2','75','50');
Insert into ARTIKEL (ARTIKELNR,ARTIKELNAME,ARTIKELGRUPPE,EINSTANDSPREIS,KALKULATIONSFAKTOR,LAGERBESTAND,MINDESTBESTAND) values ('30032','RAM DIMM 128MB S-DRAM PC100 168pin.7/8ns','KP','182','2','87','50');
Insert into ARTIKEL (ARTIKELNR,ARTIKELNAME,ARTIKELGRUPPE,EINSTANDSPREIS,KALKULATIONSFAKTOR,LAGERBESTAND,MINDESTBESTAND) values ('30033','RAM DIMM 128MB S-DRAM PC133 Infineon 168pin.','KP','227','2','96','50');
Insert into ARTIKEL (ARTIKELNR,ARTIKELNAME,ARTIKELGRUPPE,EINSTANDSPREIS,KALKULATIONSFAKTOR,LAGERBESTAND,MINDESTBESTAND) values ('30034','RAM DIMM 256MB S-DRAM PC100 168pin. 7/8ns','KP','406','2','17','50');
Insert into ARTIKEL (ARTIKELNR,ARTIKELNAME,ARTIKELGRUPPE,EINSTANDSPREIS,KALKULATIONSFAKTOR,LAGERBESTAND,MINDESTBESTAND) values ('30035','RAM DIMM  256MB  S-DRAM PC133 Infineon  168pin','KP','519','2','98','50');
Insert into ARTIKEL (ARTIKELNR,ARTIKELNAME,ARTIKELGRUPPE,EINSTANDSPREIS,KALKULATIONSFAKTOR,LAGERBESTAND,MINDESTBESTAND) values ('30036','RAM DIMM 256MB  S-DRAM PC133  168pin.','KP','415','2','89','50');
Insert into ARTIKEL (ARTIKELNR,ARTIKELNAME,ARTIKELGRUPPE,EINSTANDSPREIS,KALKULATIONSFAKTOR,LAGERBESTAND,MINDESTBESTAND) values ('30037','RAM SIMM  16MB  PS/2 - EDO  72pin.  60ns','KP','42','2','63','50');
Insert into ARTIKEL (ARTIKELNR,ARTIKELNAME,ARTIKELGRUPPE,EINSTANDSPREIS,KALKULATIONSFAKTOR,LAGERBESTAND,MINDESTBESTAND) values ('30038','RAM SIMM  16MB  PS/2 - FPM  72pin.  60ns','KP','43','2','55','50');
Insert into ARTIKEL (ARTIKELNR,ARTIKELNAME,ARTIKELGRUPPE,EINSTANDSPREIS,KALKULATIONSFAKTOR,LAGERBESTAND,MINDESTBESTAND) values ('30039','RAM SIMM  32MB  PS/2 - EDO  72pin.  60ns','KP','78','2','76','50');
Insert into ARTIKEL (ARTIKELNR,ARTIKELNAME,ARTIKELGRUPPE,EINSTANDSPREIS,KALKULATIONSFAKTOR,LAGERBESTAND,MINDESTBESTAND) values ('30040','RAM SIMM  64MB  PS/2 - EDO  72pin.  60ns','KP','88','2','76','50');
Insert into ARTIKEL (ARTIKELNR,ARTIKELNAME,ARTIKELGRUPPE,EINSTANDSPREIS,KALKULATIONSFAKTOR,LAGERBESTAND,MINDESTBESTAND) values ('30041','Kontroller I/O  ISA  Multi I/O Karte  2 s. (FIDO 16550)  1 parallel  1 game','KP','23','2','77','50');
Insert into ARTIKEL (ARTIKELNR,ARTIKELNAME,ARTIKELGRUPPE,EINSTANDSPREIS,KALKULATIONSFAKTOR,LAGERBESTAND,MINDESTBESTAND) values ('30042','Kontroller I/O  PCI  USB  Markenfabrikat','KP','38','2','49','50');
Insert into ARTIKEL (ARTIKELNR,ARTIKELNAME,ARTIKELGRUPPE,EINSTANDSPREIS,KALKULATIONSFAKTOR,LAGERBESTAND,MINDESTBESTAND) values ('30043','Kontroller IDE  PCI  UDMA-100  Promise FastTrak 100 RAID','KP','201','2','86','50');
Insert into ARTIKEL (ARTIKELNR,ARTIKELNAME,ARTIKELGRUPPE,EINSTANDSPREIS,KALKULATIONSFAKTOR,LAGERBESTAND,MINDESTBESTAND) values ('30044','Kontroller IDE  PCI  UDMA-100  Promise Ultra-100 bulk','KP','71','2','53','50');
Insert into ARTIKEL (ARTIKELNR,ARTIKELNAME,ARTIKELGRUPPE,EINSTANDSPREIS,KALKULATIONSFAKTOR,LAGERBESTAND,MINDESTBESTAND) values ('30045','Kontroller SCSI  PCI  U160  Adaptec 29160 bulk','KP','324','2','91','50');
Insert into ARTIKEL (ARTIKELNR,ARTIKELNAME,ARTIKELGRUPPE,EINSTANDSPREIS,KALKULATIONSFAKTOR,LAGERBESTAND,MINDESTBESTAND) values ('30046','Kontroller SCSI  PCI  Ultra  Adaptec 2940 AU bulk','KP','214','2','93','50');
Insert into ARTIKEL (ARTIKELNR,ARTIKELNAME,ARTIKELGRUPPE,EINSTANDSPREIS,KALKULATIONSFAKTOR,LAGERBESTAND,MINDESTBESTAND) values ('30047','Kontroller SCSI  PCI  Ultra  Adaptec AVA 2904 Kit','KP','68','2','62','50');
Insert into ARTIKEL (ARTIKELNR,ARTIKELNAME,ARTIKELGRUPPE,EINSTANDSPREIS,KALKULATIONSFAKTOR,LAGERBESTAND,MINDESTBESTAND) values ('30048','Kontroller SCSI  PCI  Ultra  Markenfabrikat','KP','38','2','69','50');
Insert into ARTIKEL (ARTIKELNR,ARTIKELNAME,ARTIKELGRUPPE,EINSTANDSPREIS,KALKULATIONSFAKTOR,LAGERBESTAND,MINDESTBESTAND) values ('30049','Kontroller SCSI  PCI  UltraWide  Markenfabrikat SAST-9100UW','KP','107','2','79','50');
Insert into ARTIKEL (ARTIKELNR,ARTIKELNAME,ARTIKELGRUPPE,EINSTANDSPREIS,KALKULATIONSFAKTOR,LAGERBESTAND,MINDESTBESTAND) values ('30050','Gehäuse 3 5"  SCSI  für externes SCSI Gerät  40W Netzteil','KP','64','2','88','50');
Insert into ARTIKEL (ARTIKELNR,ARTIKELNAME,ARTIKELGRUPPE,EINSTANDSPREIS,KALKULATIONSFAKTOR,LAGERBESTAND,MINDESTBESTAND) values ('30051','Gehäuse 5 25"  IDE/Parallel  für IDE CD-Rom an Parallelport','KP','65','2','55','50');
Insert into ARTIKEL (ARTIKELNR,ARTIKELNAME,ARTIKELGRUPPE,EINSTANDSPREIS,KALKULATIONSFAKTOR,LAGERBESTAND,MINDESTBESTAND) values ('30052','Gehäuse 5 25"  SCSI  für 8 externe SCSI Geräte  250W Netzteil','KP','181','2','57','50');
Insert into ARTIKEL (ARTIKELNR,ARTIKELNAME,ARTIKELGRUPPE,EINSTANDSPREIS,KALKULATIONSFAKTOR,LAGERBESTAND,MINDESTBESTAND) values ('30053','Gehäuse ATX  Bigtower  Design CI-9137  300W','KP','149','2','69','50');
Insert into ARTIKEL (ARTIKELNR,ARTIKELNAME,ARTIKELGRUPPE,EINSTANDSPREIS,KALKULATIONSFAKTOR,LAGERBESTAND,MINDESTBESTAND) values ('30054','Gehäuse ATX  Bigtower  Standard  250W','KP','84','2','82','50');
Insert into ARTIKEL (ARTIKELNR,ARTIKELNAME,ARTIKELGRUPPE,EINSTANDSPREIS,KALKULATIONSFAKTOR,LAGERBESTAND,MINDESTBESTAND) values ('30055','Gehäuse ATX  Bigtower  Standard  300W','KP','90','2','66','50');
Insert into ARTIKEL (ARTIKELNR,ARTIKELNAME,ARTIKELGRUPPE,EINSTANDSPREIS,KALKULATIONSFAKTOR,LAGERBESTAND,MINDESTBESTAND) values ('30056','Gehäuse ATX  Desktop  Design CI-7107  230W','KP','90','2','55','50');
Insert into ARTIKEL (ARTIKELNR,ARTIKELNAME,ARTIKELGRUPPE,EINSTANDSPREIS,KALKULATIONSFAKTOR,LAGERBESTAND,MINDESTBESTAND) values ('30057','Gehäuse ATX  Miditower  Design CI-6607  250W','KP','97','2','28','50');
Insert into ARTIKEL (ARTIKELNR,ARTIKELNAME,ARTIKELGRUPPE,EINSTANDSPREIS,KALKULATIONSFAKTOR,LAGERBESTAND,MINDESTBESTAND) values ('30058','Gehäuse ATX  Miditower  Standard  300W','KP','75','2','51','50');
Insert into ARTIKEL (ARTIKELNR,ARTIKELNAME,ARTIKELGRUPPE,EINSTANDSPREIS,KALKULATIONSFAKTOR,LAGERBESTAND,MINDESTBESTAND) values ('30059','Netzteil  CE/AT  200/230 Watt','KP','23','2','60','50');
Insert into ARTIKEL (ARTIKELNR,ARTIKELNAME,ARTIKELGRUPPE,EINSTANDSPREIS,KALKULATIONSFAKTOR,LAGERBESTAND,MINDESTBESTAND) values ('30060','Netzteil  CE/ATX  230/250 Watt (empfohlen von AMD)','KP','38','2','4','50');
Insert into ARTIKEL (ARTIKELNR,ARTIKELNAME,ARTIKELGRUPPE,EINSTANDSPREIS,KALKULATIONSFAKTOR,LAGERBESTAND,MINDESTBESTAND) values ('30061','Netzteil  CE/ATX  300 Watt (empfohlen von AMD)','KP','58','2','67','50');
Insert into ARTIKEL (ARTIKELNR,ARTIKELNAME,ARTIKELGRUPPE,EINSTANDSPREIS,KALKULATIONSFAKTOR,LAGERBESTAND,MINDESTBESTAND) values ('30062','Joystick/ Lenkrad  Logitech WingMan Formula  Kabel  Gameport  USB','KP','116','2','67','50');
Insert into ARTIKEL (ARTIKELNR,ARTIKELNAME,ARTIKELGRUPPE,EINSTANDSPREIS,KALKULATIONSFAKTOR,LAGERBESTAND,MINDESTBESTAND) values ('30063','Joystick Logitech WinMan Extreme Digital  Kabel  Gameport  USB','KP','45','2','22','50');
Insert into ARTIKEL (ARTIKELNR,ARTIKELNAME,ARTIKELGRUPPE,EINSTANDSPREIS,KALKULATIONSFAKTOR,LAGERBESTAND,MINDESTBESTAND) values ('30064','Maus  Logitech Cordless WheelMouse  Funk  PS/2','KP','51','2','63','50');
Insert into ARTIKEL (ARTIKELNR,ARTIKELNAME,ARTIKELGRUPPE,EINSTANDSPREIS,KALKULATIONSFAKTOR,LAGERBESTAND,MINDESTBESTAND) values ('30065','Maus  Logitech MouseMan Wheel  Kabel  PS/2  USB','KP','51','2','50','50');
Insert into ARTIKEL (ARTIKELNR,ARTIKELNAME,ARTIKELGRUPPE,EINSTANDSPREIS,KALKULATIONSFAKTOR,LAGERBESTAND,MINDESTBESTAND) values ('30066','Maus  Logitech Pilot Maus 3 Tasten Retail  Kabel  seriell','KP','26','2','87','50');
Insert into ARTIKEL (ARTIKELNR,ARTIKELNAME,ARTIKELGRUPPE,EINSTANDSPREIS,KALKULATIONSFAKTOR,LAGERBESTAND,MINDESTBESTAND) values ('30067','Maus  Logitech Pilot Maus bulk  Kabel  seriell','KP','10','2','62','50');
Insert into ARTIKEL (ARTIKELNR,ARTIKELNAME,ARTIKELGRUPPE,EINSTANDSPREIS,KALKULATIONSFAKTOR,LAGERBESTAND,MINDESTBESTAND) values ('30068','Maus  Logitech TrackMan Marble Wheel  Kabel  PS/2  USB','KP','64','2','88','50');
Insert into ARTIKEL (ARTIKELNR,ARTIKELNAME,ARTIKELGRUPPE,EINSTANDSPREIS,KALKULATIONSFAKTOR,LAGERBESTAND,MINDESTBESTAND) values ('30069','Maus  Microsoft IntelliMouse IntelliEye  Kabel  PS/2  USB','KP','51','2','37','50');
Insert into ARTIKEL (ARTIKELNR,ARTIKELNAME,ARTIKELGRUPPE,EINSTANDSPREIS,KALKULATIONSFAKTOR,LAGERBESTAND,MINDESTBESTAND) values ('30070','Maus  Noname 2 Tasten  Kabel  PS/2','KP','4','2','61','50');
Insert into ARTIKEL (ARTIKELNR,ARTIKELNAME,ARTIKELGRUPPE,EINSTANDSPREIS,KALKULATIONSFAKTOR,LAGERBESTAND,MINDESTBESTAND) values ('30071','Tastatur  Cherry G81-3000 LAMDE/LCNDE  DIN','KP','39','2','83','50');
Insert into ARTIKEL (ARTIKELNR,ARTIKELNAME,ARTIKELGRUPPE,EINSTANDSPREIS,KALKULATIONSFAKTOR,LAGERBESTAND,MINDESTBESTAND) values ('30072','Tastatur  Micosoft Natural Keyboard Elite  PS/2  USB  Ergonomisch','KP','58','2','57','50');
Insert into ARTIKEL (ARTIKELNR,ARTIKELNAME,ARTIKELGRUPPE,EINSTANDSPREIS,KALKULATIONSFAKTOR,LAGERBESTAND,MINDESTBESTAND) values ('30073','Tastatur/Maus  Logitech Cordless Desktop iTouch  Funk  ser./DIN/PS/2','KP','129','2','50','50');
Insert into ARTIKEL (ARTIKELNR,ARTIKELNAME,ARTIKELGRUPPE,EINSTANDSPREIS,KALKULATIONSFAKTOR,LAGERBESTAND,MINDESTBESTAND) values ('30074','Tastatur/Maus  Logitech Cordless Desktop Pro  Funk  ser./DIN/PS/2','KP','149','2','63','50');
Insert into ARTIKEL (ARTIKELNR,ARTIKELNAME,ARTIKELGRUPPE,EINSTANDSPREIS,KALKULATIONSFAKTOR,LAGERBESTAND,MINDESTBESTAND) values ('30075','Mainboard  AT  Sockel 7 (Pentium I  AMD K6)  ASUS P5A-B','KP','129','2','88','50');
Insert into ARTIKEL (ARTIKELNR,ARTIKELNAME,ARTIKELGRUPPE,EINSTANDSPREIS,KALKULATIONSFAKTOR,LAGERBESTAND,MINDESTBESTAND) values ('30076','Mainboard  AT  Sockel 7 (Pentium I  AMD K6)  DFI K6BV3+/66 (1MB/UDMA 66)','KP','104','2','34','50');
Insert into ARTIKEL (ARTIKELNR,ARTIKELNAME,ARTIKELGRUPPE,EINSTANDSPREIS,KALKULATIONSFAKTOR,LAGERBESTAND,MINDESTBESTAND) values ('30077','Mainboard  ATX  Slot 1 (Pentium II/III)  ASUS P2B-S (SCSI)','KP','467','2','66','50');
Insert into ARTIKEL (ARTIKELNR,ARTIKELNAME,ARTIKELGRUPPE,EINSTANDSPREIS,KALKULATIONSFAKTOR,LAGERBESTAND,MINDESTBESTAND) values ('30078','Mainboard  ATX  Slot 1 (Pentium II/III)  ASUS P3B-F','KP','205','2','79','50');
Insert into ARTIKEL (ARTIKELNR,ARTIKELNAME,ARTIKELGRUPPE,EINSTANDSPREIS,KALKULATIONSFAKTOR,LAGERBESTAND,MINDESTBESTAND) values ('30079','Mainboard  ATX  Slot 1 (Pentium II/III)  Gigabyte GA686BX 2000+','KP','194','2','66','50');
Insert into ARTIKEL (ARTIKELNR,ARTIKELNAME,ARTIKELGRUPPE,EINSTANDSPREIS,KALKULATIONSFAKTOR,LAGERBESTAND,MINDESTBESTAND) values ('30080','Mainboard  ATX  Slot A (AMD K7/Athlon)  ASUS K7M','KP','181','2','71','50');
Insert into ARTIKEL (ARTIKELNR,ARTIKELNAME,ARTIKELGRUPPE,EINSTANDSPREIS,KALKULATIONSFAKTOR,LAGERBESTAND,MINDESTBESTAND) values ('30081','Mainboard  ATX  Slot A (AMD K7/Athlon)  ASUS K7V  VIA KX133','KP','253','2','61','50');
Insert into ARTIKEL (ARTIKELNR,ARTIKELNAME,ARTIKELGRUPPE,EINSTANDSPREIS,KALKULATIONSFAKTOR,LAGERBESTAND,MINDESTBESTAND) values ('30082','Mainboard  ATX  Slot A (AMD K7/Athlon)  FIC SD-11','KP','162','2','49','50');
Insert into ARTIKEL (ARTIKELNR,ARTIKELNAME,ARTIKELGRUPPE,EINSTANDSPREIS,KALKULATIONSFAKTOR,LAGERBESTAND,MINDESTBESTAND) values ('30083','Mainboard  ATX  Slot A (AMD K7/Athlon)  Gigabyte GA7IXE','KP','194','2','54','50');
Insert into ARTIKEL (ARTIKELNR,ARTIKELNAME,ARTIKELGRUPPE,EINSTANDSPREIS,KALKULATIONSFAKTOR,LAGERBESTAND,MINDESTBESTAND) values ('30084','Mainboard  ATX  Sockel 370  DFI CA61 (VIA)','KP','110','2','14','50');
Insert into ARTIKEL (ARTIKELNR,ARTIKELNAME,ARTIKELGRUPPE,EINSTANDSPREIS,KALKULATIONSFAKTOR,LAGERBESTAND,MINDESTBESTAND) values ('30085','Mainboard  ATX  Sockel 7 (Pentium I  AMD K6)  ASUS P5A','KP','136','2','53','50');
Insert into ARTIKEL (ARTIKELNR,ARTIKELNAME,ARTIKELGRUPPE,EINSTANDSPREIS,KALKULATIONSFAKTOR,LAGERBESTAND,MINDESTBESTAND) values ('30086','Mainboard  ATX  Sockel A (AMD Duron/Thunderbird)  EPOX EP-8KTA  VIA KT133','KP','201','2','6','50');
Insert into ARTIKEL (ARTIKELNR,ARTIKELNAME,ARTIKELGRUPPE,EINSTANDSPREIS,KALKULATIONSFAKTOR,LAGERBESTAND,MINDESTBESTAND) values ('30087','Grafikkarte  AGP  16MB  Matrox Millennium G400SH','KP','162','2','61','50');
Insert into ARTIKEL (ARTIKELNR,ARTIKELNAME,ARTIKELGRUPPE,EINSTANDSPREIS,KALKULATIONSFAKTOR,LAGERBESTAND,MINDESTBESTAND) values ('30088','Grafikkarte  AGP  32MB  ASUS V6600 (GeForce256) Deluxe','KP','324','2','80','50');
Insert into ARTIKEL (ARTIKELNR,ARTIKELNAME,ARTIKELGRUPPE,EINSTANDSPREIS,KALKULATIONSFAKTOR,LAGERBESTAND,MINDESTBESTAND) values ('30089','Grafikkarte  AGP  32MB  ASUS V6800 (GeForce256  DDR-RAM) Deluxe','KP','370','2','62','50');
Insert into ARTIKEL (ARTIKELNR,ARTIKELNAME,ARTIKELGRUPPE,EINSTANDSPREIS,KALKULATIONSFAKTOR,LAGERBESTAND,MINDESTBESTAND) values ('30090','Grafikkarte  AGP  32MB  ASUS V7700 Pure GeForce2 GTS','KP','435','2','28','50');
Insert into ARTIKEL (ARTIKELNR,ARTIKELNAME,ARTIKELGRUPPE,EINSTANDSPREIS,KALKULATIONSFAKTOR,LAGERBESTAND,MINDESTBESTAND) values ('30091','Grafikkarte  AGP  32MB  ATI XPERT 2000 bulk','KP','129','2','66','50');
Insert into ARTIKEL (ARTIKELNR,ARTIKELNAME,ARTIKELGRUPPE,EINSTANDSPREIS,KALKULATIONSFAKTOR,LAGERBESTAND,MINDESTBESTAND) values ('30092','Grafikkarte  AGP  32MB  Creative Labs 3D (GeForce256)','KP','298','2','61','50');
Insert into ARTIKEL (ARTIKELNR,ARTIKELNAME,ARTIKELGRUPPE,EINSTANDSPREIS,KALKULATIONSFAKTOR,LAGERBESTAND,MINDESTBESTAND) values ('30093','Grafikkarte  AGP  32MB  Creative Labs 3D GForce2 GTS','KP','441','2','75','50');
Insert into ARTIKEL (ARTIKELNR,ARTIKELNAME,ARTIKELGRUPPE,EINSTANDSPREIS,KALKULATIONSFAKTOR,LAGERBESTAND,MINDESTBESTAND) values ('30094','Grafikkarte  AGP  32MB  Matrox Millennium G400SH','KP','194','2','71','50');
Insert into ARTIKEL (ARTIKELNR,ARTIKELNAME,ARTIKELGRUPPE,EINSTANDSPREIS,KALKULATIONSFAKTOR,LAGERBESTAND,MINDESTBESTAND) values ('30095','Grafikkarte  AGP  64MB  ASUS V6800ProPure (GeForce256)','KP','428','2','11','50');
Insert into ARTIKEL (ARTIKELNR,ARTIKELNAME,ARTIKELGRUPPE,EINSTANDSPREIS,KALKULATIONSFAKTOR,LAGERBESTAND,MINDESTBESTAND) values ('30096','Grafikkarte PCI  32MB  Savage 4 3D','KP','114','2','79','50');
Insert into ARTIKEL (ARTIKELNR,ARTIKELNAME,ARTIKELGRUPPE,EINSTANDSPREIS,KALKULATIONSFAKTOR,LAGERBESTAND,MINDESTBESTAND) values ('40001','HUB  10/100Mbit  5Port Markenfabrikat','KN','150','2','46','20');
Insert into ARTIKEL (ARTIKELNR,ARTIKELNAME,ARTIKELGRUPPE,EINSTANDSPREIS,KALKULATIONSFAKTOR,LAGERBESTAND,MINDESTBESTAND) values ('40002','HUB  10Mbit  8Port Markenfabrikat','KN','120','2','60','20');
Insert into ARTIKEL (ARTIKELNR,ARTIKELNAME,ARTIKELGRUPPE,EINSTANDSPREIS,KALKULATIONSFAKTOR,LAGERBESTAND,MINDESTBESTAND) values ('40003','Netzwerkkarte  PCI  10/100Mbit  3Com 905B-TX bulk','KN','78','2','34','20');
Insert into ARTIKEL (ARTIKELNR,ARTIKELNAME,ARTIKELGRUPPE,EINSTANDSPREIS,KALKULATIONSFAKTOR,LAGERBESTAND,MINDESTBESTAND) values ('40004','Netzwerkkarte  PCI  10/100Mbit  3Com 905C.TXM bulk','KN','77','2','79','20');
Insert into ARTIKEL (ARTIKELNR,ARTIKELNAME,ARTIKELGRUPPE,EINSTANDSPREIS,KALKULATIONSFAKTOR,LAGERBESTAND,MINDESTBESTAND) values ('40005','Netzwerkkarte  PCI  100Mbit  LanPro/4LAN','KN','19','2','98','20');
Insert into ARTIKEL (ARTIKELNR,ARTIKELNAME,ARTIKELGRUPPE,EINSTANDSPREIS,KALKULATIONSFAKTOR,LAGERBESTAND,MINDESTBESTAND) values ('50001','ACER 506DX - Cel. 433  128MB RAM  4 8GB HDD  12 1" HPA  24x CD-ROM  Win98','PC','1884','1,5','53','20');
Insert into ARTIKEL (ARTIKELNR,ARTIKELNAME,ARTIKELGRUPPE,EINSTANDSPREIS,KALKULATIONSFAKTOR,LAGERBESTAND,MINDESTBESTAND) values ('50002','ACER 507T - Cel. 466  128MB RAM  4 8GB HDD  12 1" TFT  24x CD-ROM  Win98','PC','2209','1,5','32','20');
Insert into ARTIKEL (ARTIKELNR,ARTIKELNAME,ARTIKELGRUPPE,EINSTANDSPREIS,KALKULATIONSFAKTOR,LAGERBESTAND,MINDESTBESTAND) values ('50003','ACER 507T - Cel. 466  96MB RAM  4 8GB HDD  12 1" TFT  24x CD-ROM  Win98','PC','2014','1,5','76','20');
Insert into ARTIKEL (ARTIKELNR,ARTIKELNAME,ARTIKELGRUPPE,EINSTANDSPREIS,KALKULATIONSFAKTOR,LAGERBESTAND,MINDESTBESTAND) values ('50004','ACER 508T - Cel. 500  128MB RAM  4 8GB HDD  12 1" TFT  24x CD-ROM  Win98','PC','2274','1,5','23','20');
Insert into ARTIKEL (ARTIKELNR,ARTIKELNAME,ARTIKELGRUPPE,EINSTANDSPREIS,KALKULATIONSFAKTOR,LAGERBESTAND,MINDESTBESTAND) values ('50005','ACER 508T - Cel. 500  96MB RAM  4 8GB HDD  12 1" TFT  24x CD-ROM  Win98','PC','2014','1,5','85','20');
Insert into ARTIKEL (ARTIKELNR,ARTIKELNAME,ARTIKELGRUPPE,EINSTANDSPREIS,KALKULATIONSFAKTOR,LAGERBESTAND,MINDESTBESTAND) values ('50006','Notebook  Fujitsu-S. PII 366  64MB RAM  6 4GB HDD 13 3" TFT 24x CD-ROM Win98','PC','1949','1,5','20','20');
Insert into ARTIKEL (ARTIKELNR,ARTIKELNAME,ARTIKELGRUPPE,EINSTANDSPREIS,KALKULATIONSFAKTOR,LAGERBESTAND,MINDESTBESTAND) values ('50007','Siemens 510 - PII 400  128MB RAM  6GB HDD  13 3" TFT  DVD  Win98','PC','2599','1,5','50','20');
Insert into ARTIKEL (ARTIKELNR,ARTIKELNAME,ARTIKELGRUPPE,EINSTANDSPREIS,KALKULATIONSFAKTOR,LAGERBESTAND,MINDESTBESTAND) values ('50008','Siemens 750 - PIII 450  128MB RAM  12GB HDD  12 1" TFT  24x CD-ROM  Win98','PC','2924','1,5','23','20');
Insert into ARTIKEL (ARTIKELNR,ARTIKELNAME,ARTIKELGRUPPE,EINSTANDSPREIS,KALKULATIONSFAKTOR,LAGERBESTAND,MINDESTBESTAND) values ('50009','Athlon 1000  256MB RAM  2x30GB HDD RAID 32MB VGA  CD Brenner & DVD','PC','3899','1,5','64','20');
Insert into ARTIKEL (ARTIKELNR,ARTIKELNAME,ARTIKELGRUPPE,EINSTANDSPREIS,KALKULATIONSFAKTOR,LAGERBESTAND,MINDESTBESTAND) values ('50010','AMD Athlon 1000  128MB RAM  30GB HDD EIDE  32MB VGA  48x CD-ROM  Sound','PC','2144','1,5','54','20');
Insert into ARTIKEL (ARTIKELNR,ARTIKELNAME,ARTIKELGRUPPE,EINSTANDSPREIS,KALKULATIONSFAKTOR,LAGERBESTAND,MINDESTBESTAND) values ('50011','AMD Athlon 700  128MB RAM  30GB HDD EIDE  32MB VGA  48x CD-ROM  Sound','PC','1462','1,5','87','20');
Insert into ARTIKEL (ARTIKELNR,ARTIKELNAME,ARTIKELGRUPPE,EINSTANDSPREIS,KALKULATIONSFAKTOR,LAGERBESTAND,MINDESTBESTAND) values ('50012','AMD Athlon 800  128MB RAM  30GB HDD EIDE  32MB VGA  48x CD-ROM  Sound','PC','1527','1,5','25','20');
Insert into ARTIKEL (ARTIKELNR,ARTIKELNAME,ARTIKELGRUPPE,EINSTANDSPREIS,KALKULATIONSFAKTOR,LAGERBESTAND,MINDESTBESTAND) values ('50013','AMD Athlon 900  128MB RAM  30GB HDD  32MB VGA  48x CD-ROM  Sound','PC','1689','1,5','86','20');
Insert into ARTIKEL (ARTIKELNR,ARTIKELNAME,ARTIKELGRUPPE,EINSTANDSPREIS,KALKULATIONSFAKTOR,LAGERBESTAND,MINDESTBESTAND) values ('50014','AMD Duron 650  128MB RAM  30GB HDD EIDE   32MB VGA  48x CD-ROM  Sound','PC','1364','1,5','9','20');
Insert into ARTIKEL (ARTIKELNR,ARTIKELNAME,ARTIKELGRUPPE,EINSTANDSPREIS,KALKULATIONSFAKTOR,LAGERBESTAND,MINDESTBESTAND) values ('50015','AMD Duron 700  128MB RAM  30GB EIDE HDD  32MB VGA  48x CD-ROM  Sound','PC','1397','1,5','72','20');
Insert into ARTIKEL (ARTIKELNR,ARTIKELNAME,ARTIKELGRUPPE,EINSTANDSPREIS,KALKULATIONSFAKTOR,LAGERBESTAND,MINDESTBESTAND) values ('50016','AMD Duron 750  128MB RAM  30GB HDD EIDE   32MB VGA  48x CD-ROM  Sound','PC','1462','1,5','33','20');
Insert into ARTIKEL (ARTIKELNR,ARTIKELNAME,ARTIKELGRUPPE,EINSTANDSPREIS,KALKULATIONSFAKTOR,LAGERBESTAND,MINDESTBESTAND) values ('50017','Intel Celeron 600  128MB RAM  20GB HDD  EIDE 32MB VGA  48x CD-ROM','PC','1299','1,5','52','20');
Insert into ARTIKEL (ARTIKELNR,ARTIKELNAME,ARTIKELGRUPPE,EINSTANDSPREIS,KALKULATIONSFAKTOR,LAGERBESTAND,MINDESTBESTAND) values ('50018','Intel Celeron 700  128MB RAM  20GB HDD EIDE  32MB VGA  48x CD-ROM','PC','1364','1,5','51','20');
Insert into ARTIKEL (ARTIKELNR,ARTIKELNAME,ARTIKELGRUPPE,EINSTANDSPREIS,KALKULATIONSFAKTOR,LAGERBESTAND,MINDESTBESTAND) values ('50019','Intel Pentium III 650  128MB RAM  20GB HDD  32MB VGA  48x CD-ROM','PC','1397','1,5','82','20');
Insert into ARTIKEL (ARTIKELNR,ARTIKELNAME,ARTIKELGRUPPE,EINSTANDSPREIS,KALKULATIONSFAKTOR,LAGERBESTAND,MINDESTBESTAND) values ('50020','Intel Pentium III 733  128MB RAM  20GB HDD  EIDE 32MB VGA  48x CD-ROM','PC','1494','1,5','31','20');
Insert into ARTIKEL (ARTIKELNR,ARTIKELNAME,ARTIKELGRUPPE,EINSTANDSPREIS,KALKULATIONSFAKTOR,LAGERBESTAND,MINDESTBESTAND) values ('50021','Intel Pentium III 800  128MB RAM  20GB HDD EIDE 32MB VGA  48x CD-ROM','PC','1559','1,5','23','20');
Insert into ARTIKEL (ARTIKELNR,ARTIKELNAME,ARTIKELGRUPPE,EINSTANDSPREIS,KALKULATIONSFAKTOR,LAGERBESTAND,MINDESTBESTAND) values ('50022','Intel Pentium III 933 128MB RAM  20GB HDD  32MB VGA  48x CD-ROM','PC','2014','1,5','68','20');
Insert into ARTIKEL (ARTIKELNR,ARTIKELNAME,ARTIKELGRUPPE,EINSTANDSPREIS,KALKULATIONSFAKTOR,LAGERBESTAND,MINDESTBESTAND) values ('50023','Intel P III 1000  128MB RAM  9 8 GB LVD2 HDD SCISI  16MB VGA  32x CD-ROM','PC','2469','1,5','21','20');
Insert into ARTIKEL (ARTIKELNR,ARTIKELNAME,ARTIKELGRUPPE,EINSTANDSPREIS,KALKULATIONSFAKTOR,LAGERBESTAND,MINDESTBESTAND) values ('50024','Intel P III 1300  128MB RAM  9 8 GB LVD2 HDD SCISI  16MB VGA  32x CD-ROM','PC','2664','1,5','23','20');
Insert into ARTIKEL (ARTIKELNR,ARTIKELNAME,ARTIKELGRUPPE,EINSTANDSPREIS,KALKULATIONSFAKTOR,LAGERBESTAND,MINDESTBESTAND) values ('50025','Intel P III 1400  128MB RAM  9 8 GB LVD2 HDD SCISI  16MB VGA  32x CD-ROM','PC','2794','1,5','94','20');
Insert into ARTIKEL (ARTIKELNR,ARTIKELNAME,ARTIKELGRUPPE,EINSTANDSPREIS,KALKULATIONSFAKTOR,LAGERBESTAND,MINDESTBESTAND) values ('50026','Intel P III 650  128MB RAM  9 8 GB LVD2 HDD SCISI  16MB VGA  32x CD-ROM','PC','2014','1,5','34','20');
Insert into ARTIKEL (ARTIKELNR,ARTIKELNAME,ARTIKELGRUPPE,EINSTANDSPREIS,KALKULATIONSFAKTOR,LAGERBESTAND,MINDESTBESTAND) values ('50027','Intel P III 700  128MB RAM  9 8 GB LVD2 HDD SCISI  16MB VGA  32x CD-ROM','PC','2079','1,5','69','20');
Insert into ARTIKEL (ARTIKELNR,ARTIKELNAME,ARTIKELGRUPPE,EINSTANDSPREIS,KALKULATIONSFAKTOR,LAGERBESTAND,MINDESTBESTAND) values ('51001','Schreibmaschine (Speicherschreibmaschine Adler Standard)','PC','450','2,5','3','0');
Insert into ARTIKEL (ARTIKELNR,ARTIKELNAME,ARTIKELGRUPPE,EINSTANDSPREIS,KALKULATIONSFAKTOR,LAGERBESTAND,MINDESTBESTAND) values ('51002','Schreibautomat lympia Komfort','PC','775','3','2','0');
Insert into ARTIKEL (ARTIKELNR,ARTIKELNAME,ARTIKELGRUPPE,EINSTANDSPREIS,KALKULATIONSFAKTOR,LAGERBESTAND,MINDESTBESTAND) values ('51003','Commodore 8296','PC','2300','1,2','1','0');
Insert into ARTIKEL (ARTIKELNR,ARTIKELNAME,ARTIKELGRUPPE,EINSTANDSPREIS,KALKULATIONSFAKTOR,LAGERBESTAND,MINDESTBESTAND) values ('60001','Lautsprecher 120W  Aktivboxen','PE','10','2','43','10');
Insert into ARTIKEL (ARTIKELNR,ARTIKELNAME,ARTIKELGRUPPE,EINSTANDSPREIS,KALKULATIONSFAKTOR,LAGERBESTAND,MINDESTBESTAND) values ('60002','Lautsprecher 120W  Trust 3D Plus','PE','6','2','49','10');
Insert into ARTIKEL (ARTIKELNR,ARTIKELNAME,ARTIKELGRUPPE,EINSTANDSPREIS,KALKULATIONSFAKTOR,LAGERBESTAND,MINDESTBESTAND) values ('60003','Lautsprecher 120W  Aktivboxen','PE','6','2','84','10');
Insert into ARTIKEL (ARTIKELNR,ARTIKELNAME,ARTIKELGRUPPE,EINSTANDSPREIS,KALKULATIONSFAKTOR,LAGERBESTAND,MINDESTBESTAND) values ('60004','Lautsprecher 40W  Aktivboxen','PE','6','2','26','10');
Insert into ARTIKEL (ARTIKELNR,ARTIKELNAME,ARTIKELGRUPPE,EINSTANDSPREIS,KALKULATIONSFAKTOR,LAGERBESTAND,MINDESTBESTAND) values ('60005','Lautsprecher 40W  Aktivlautsprecher mit Subwoofer','PE','12','2','25','10');
Insert into ARTIKEL (ARTIKELNR,ARTIKELNAME,ARTIKELGRUPPE,EINSTANDSPREIS,KALKULATIONSFAKTOR,LAGERBESTAND,MINDESTBESTAND) values ('60006','Lautsprecher Surround  Creative PCWorks FourPointSurround FPS1000','PE','19','2','69','10');
Insert into ARTIKEL (ARTIKELNR,ARTIKELNAME,ARTIKELGRUPPE,EINSTANDSPREIS,KALKULATIONSFAKTOR,LAGERBESTAND,MINDESTBESTAND) values ('60007','Projektor CD  Panasonic PT-L557E  Fernbedienung  1500 ANSI Lumen','PE','6500','2','70','10');
Insert into ARTIKEL (ARTIKELNR,ARTIKELNAME,ARTIKELGRUPPE,EINSTANDSPREIS,KALKULATIONSFAKTOR,LAGERBESTAND,MINDESTBESTAND) values ('60008','Projektor CD  Phillips Hopper SV20 Impact','PE','7900','2','95','10');
Insert into ARTIKEL (ARTIKELNR,ARTIKELNAME,ARTIKELGRUPPE,EINSTANDSPREIS,KALKULATIONSFAKTOR,LAGERBESTAND,MINDESTBESTAND) values ('60009','Webcam SB  Philips Vesta','PE','90','2','39','10');
Insert into ARTIKEL (ARTIKELNR,ARTIKELNAME,ARTIKELGRUPPE,EINSTANDSPREIS,KALKULATIONSFAKTOR,LAGERBESTAND,MINDESTBESTAND) values ('60010','Webcam SB  Philips Vesta Pro','PE','116','2','16','10');
Insert into ARTIKEL (ARTIKELNR,ARTIKELNAME,ARTIKELGRUPPE,EINSTANDSPREIS,KALKULATIONSFAKTOR,LAGERBESTAND,MINDESTBESTAND) values ('60011','Webcam USB  Terratec TerraCAM','PE','64','2','91','10');
Insert into ARTIKEL (ARTIKELNR,ARTIKELNAME,ARTIKELGRUPPE,EINSTANDSPREIS,KALKULATIONSFAKTOR,LAGERBESTAND,MINDESTBESTAND) values ('60012','CD-Brenner IDE  10s/4r/32l  HP 9310i Kit','PE','357','2','89','10');
Insert into ARTIKEL (ARTIKELNR,ARTIKELNAME,ARTIKELGRUPPE,EINSTANDSPREIS,KALKULATIONSFAKTOR,LAGERBESTAND,MINDESTBESTAND) values ('60013','CD-Brenner IDE  12s/10r/32l  Plextor PX-W1210TA Kit.','PE','400','2','26','10');
Insert into ARTIKEL (ARTIKELNR,ARTIKELNAME,ARTIKELGRUPPE,EINSTANDSPREIS,KALKULATIONSFAKTOR,LAGERBESTAND,MINDESTBESTAND) values ('60014','CD-Brenner IDE  4s/4r/32l  Philips PCRW404K','PE','227','2','35','10');
Insert into ARTIKEL (ARTIKELNR,ARTIKELNAME,ARTIKELGRUPPE,EINSTANDSPREIS,KALKULATIONSFAKTOR,LAGERBESTAND,MINDESTBESTAND) values ('60015','CD-Brenner IDE  4s/4r/32l  Teac CD-W54E Kit','PE','207','2','11','10');
Insert into ARTIKEL (ARTIKELNR,ARTIKELNAME,ARTIKELGRUPPE,EINSTANDSPREIS,KALKULATIONSFAKTOR,LAGERBESTAND,MINDESTBESTAND) values ('60016','CD-Brenner IDE  8s/4r/32l  Fujitsu Spinbird  Reatail inkl. Software','PE','224','2','32','10');
Insert into ARTIKEL (ARTIKELNR,ARTIKELNAME,ARTIKELGRUPPE,EINSTANDSPREIS,KALKULATIONSFAKTOR,LAGERBESTAND,MINDESTBESTAND) values ('60017','CD-Brenner IDE  8s/4r/32l  Plextor PX-W8432TI Kit','PE','292','2','31','10');
Insert into ARTIKEL (ARTIKELNR,ARTIKELNAME,ARTIKELGRUPPE,EINSTANDSPREIS,KALKULATIONSFAKTOR,LAGERBESTAND,MINDESTBESTAND) values ('60018','CD-Brenner IDE  8s/4r/32l  Sony CRX140E-LB  inkl. Brennersoftware','PE','257','2','96','10');
Insert into ARTIKEL (ARTIKELNR,ARTIKELNAME,ARTIKELGRUPPE,EINSTANDSPREIS,KALKULATIONSFAKTOR,LAGERBESTAND,MINDESTBESTAND) values ('60019','CD-Brenner PCMCIA  4s/4r/20l  HP M820e Kit  EXTERN','PE','578','2','67','10');
Insert into ARTIKEL (ARTIKELNR,ARTIKELNAME,ARTIKELGRUPPE,EINSTANDSPREIS,KALKULATIONSFAKTOR,LAGERBESTAND,MINDESTBESTAND) values ('60020','CD-Brenner SCSI  2s/4r/32l  Plextor PX-W124TSI Kit','PE','480','2','89','10');
Insert into ARTIKEL (ARTIKELNR,ARTIKELNAME,ARTIKELGRUPPE,EINSTANDSPREIS,KALKULATIONSFAKTOR,LAGERBESTAND,MINDESTBESTAND) values ('60021','CD-Brenner SCSI  8s/24l  Teac CD-R58S Kit','PE','318','2','57','10');
Insert into ARTIKEL (ARTIKELNR,ARTIKELNAME,ARTIKELGRUPPE,EINSTANDSPREIS,KALKULATIONSFAKTOR,LAGERBESTAND,MINDESTBESTAND) values ('60022','CD-Brenner SCSI  8s/4r/32l  HP 9210i Kit','PE','357','2','71','10');
Insert into ARTIKEL (ARTIKELNR,ARTIKELNAME,ARTIKELGRUPPE,EINSTANDSPREIS,KALKULATIONSFAKTOR,LAGERBESTAND,MINDESTBESTAND) values ('60023','CD-Brenner SCSI  8s/8r/24l  Yamaha CRW-8824S bulk','PE','318','2','52','10');
Insert into ARTIKEL (ARTIKELNR,ARTIKELNAME,ARTIKELGRUPPE,EINSTANDSPREIS,KALKULATIONSFAKTOR,LAGERBESTAND,MINDESTBESTAND) values ('60024','CD-Brenner USB  4s/4r/6l  HP 8210e Kit – EXTERN','PE','389','2','64','10');
Insert into ARTIKEL (ARTIKELNR,ARTIKELNAME,ARTIKELGRUPPE,EINSTANDSPREIS,KALKULATIONSFAKTOR,LAGERBESTAND,MINDESTBESTAND) values ('60025','CD-Brenner kombination  IDE  4d/4s/4r/24l  Toshiba SD-R1002  bulk','PE','259','2','48','10');
Insert into ARTIKEL (ARTIKELNR,ARTIKELNAME,ARTIKELGRUPPE,EINSTANDSPREIS,KALKULATIONSFAKTOR,LAGERBESTAND,MINDESTBESTAND) values ('60026','CD-Rohling CD-R  74 Min.  Paperbox','SP','1','2','45','10');
Insert into ARTIKEL (ARTIKELNR,ARTIKELNAME,ARTIKELGRUPPE,EINSTANDSPREIS,KALKULATIONSFAKTOR,LAGERBESTAND,MINDESTBESTAND) values ('60027','CD-Rohling CD-R  Acer  74 Min.','SP','1','2','1000','100');
Insert into ARTIKEL (ARTIKELNR,ARTIKELNAME,ARTIKELGRUPPE,EINSTANDSPREIS,KALKULATIONSFAKTOR,LAGERBESTAND,MINDESTBESTAND) values ('60028','CD-Rohling CD-R  BASF  74 Min.  Clip Tray','SP','1','2','1000','150');
Insert into ARTIKEL (ARTIKELNR,ARTIKELNAME,ARTIKELGRUPPE,EINSTANDSPREIS,KALKULATIONSFAKTOR,LAGERBESTAND,MINDESTBESTAND) values ('60029','CD-Rohling CD-R  BASF  74 Min.  max. 12x  Ceram Guard','PE','2','2','1500','100');
Insert into ARTIKEL (ARTIKELNR,ARTIKELNAME,ARTIKELGRUPPE,EINSTANDSPREIS,KALKULATIONSFAKTOR,LAGERBESTAND,MINDESTBESTAND) values ('60030','CD-ROM IDE  40x  Teac CD-540E bulk+Zubehör','PE','68','2','24','10');
Insert into ARTIKEL (ARTIKELNR,ARTIKELNAME,ARTIKELGRUPPE,EINSTANDSPREIS,KALKULATIONSFAKTOR,LAGERBESTAND,MINDESTBESTAND) values ('60031','CD-ROM IDE  40x  Toshiba XM 6502B/6602B','PE','62','2','19','10');
Insert into ARTIKEL (ARTIKELNR,ARTIKELNAME,ARTIKELGRUPPE,EINSTANDSPREIS,KALKULATIONSFAKTOR,LAGERBESTAND,MINDESTBESTAND) values ('60032','CD-ROM IDE  48x  Markenfabrikat','PE','58','2','19','10');
Insert into ARTIKEL (ARTIKELNR,ARTIKELNAME,ARTIKELGRUPPE,EINSTANDSPREIS,KALKULATIONSFAKTOR,LAGERBESTAND,MINDESTBESTAND) values ('60033','CD-ROM IDE  48x  Toshiba XM6702B','PE','68','2','49','10');
Insert into ARTIKEL (ARTIKELNR,ARTIKELNAME,ARTIKELGRUPPE,EINSTANDSPREIS,KALKULATIONSFAKTOR,LAGERBESTAND,MINDESTBESTAND) values ('60034','CD-ROM IDE  52x  Creative Labs bulk','PE','64','2','97','10');
Insert into ARTIKEL (ARTIKELNR,ARTIKELNAME,ARTIKELGRUPPE,EINSTANDSPREIS,KALKULATIONSFAKTOR,LAGERBESTAND,MINDESTBESTAND) values ('60035','CD-ROM SCSI  32x  Teac CD-532S','PE','91','2','21','10');
Insert into ARTIKEL (ARTIKELNR,ARTIKELNAME,ARTIKELGRUPPE,EINSTANDSPREIS,KALKULATIONSFAKTOR,LAGERBESTAND,MINDESTBESTAND) values ('60036','CD-ROM SCSI  36x  Pioneer DR-706S','PE','84','2','36','10');
Insert into ARTIKEL (ARTIKELNR,ARTIKELNAME,ARTIKELGRUPPE,EINSTANDSPREIS,KALKULATIONSFAKTOR,LAGERBESTAND,MINDESTBESTAND) values ('60037','CD-ROM SCSI  40x  Plextor PX40TSI','PE','116','2','37','10');
Insert into ARTIKEL (ARTIKELNR,ARTIKELNAME,ARTIKELGRUPPE,EINSTANDSPREIS,KALKULATIONSFAKTOR,LAGERBESTAND,MINDESTBESTAND) values ('60038','DVD-ROM IDE  12x/40x  NEC DV-5700A  bulk','PE','155','2','56','10');
Insert into ARTIKEL (ARTIKELNR,ARTIKELNAME,ARTIKELGRUPPE,EINSTANDSPREIS,KALKULATIONSFAKTOR,LAGERBESTAND,MINDESTBESTAND) values ('60039','DVD-ROM IDE  16x/40x  Pioneer DVD-105S  bulk','PE','207','2','27','10');
Insert into ARTIKEL (ARTIKELNR,ARTIKELNAME,ARTIKELGRUPPE,EINSTANDSPREIS,KALKULATIONSFAKTOR,LAGERBESTAND,MINDESTBESTAND) values ('60040','DVD-ROM IDE  16x/40x  Pioneer DVD-115 bulk','PE','194','2','74','10');
Insert into ARTIKEL (ARTIKELNR,ARTIKELNAME,ARTIKELGRUPPE,EINSTANDSPREIS,KALKULATIONSFAKTOR,LAGERBESTAND,MINDESTBESTAND) values ('60041','Monitor 17"  EIZO F520  96kHz  TCO99','PE','519','2','97','10');
Insert into ARTIKEL (ARTIKELNR,ARTIKELNAME,ARTIKELGRUPPE,EINSTANDSPREIS,KALKULATIONSFAKTOR,LAGERBESTAND,MINDESTBESTAND) values ('60042','Monitor 17"  Iiyama A702HT  96kHz  TCO99','PE','519','2','85','10');
Insert into ARTIKEL (ARTIKELNR,ARTIKELNAME,ARTIKELGRUPPE,EINSTANDSPREIS,KALKULATIONSFAKTOR,LAGERBESTAND,MINDESTBESTAND) values ('60043','Monitor 17"  Iiyama S704HT  96kHz  TCO99','PE','487','2','28','10');
Insert into ARTIKEL (ARTIKELNR,ARTIKELNAME,ARTIKELGRUPPE,EINSTANDSPREIS,KALKULATIONSFAKTOR,LAGERBESTAND,MINDESTBESTAND) values ('60044','Monitor 17"  LG-Electronics FT-795 Plus  96kHz  TCO99','PE','519','2','23','10');
Insert into ARTIKEL (ARTIKELNR,ARTIKELNAME,ARTIKELGRUPPE,EINSTANDSPREIS,KALKULATIONSFAKTOR,LAGERBESTAND,MINDESTBESTAND) values ('60045','Monitor 19"  Hyundai P910  107kHz  TCO99','PE','571','2','10','10');
Insert into ARTIKEL (ARTIKELNR,ARTIKELNAME,ARTIKELGRUPPE,EINSTANDSPREIS,KALKULATIONSFAKTOR,LAGERBESTAND,MINDESTBESTAND) values ('60046','Monitor 19"  Iiyama S900MT1  95kHz  TCO99','PE','454','2','77','10');
Insert into ARTIKEL (ARTIKELNR,ARTIKELNAME,ARTIKELGRUPPE,EINSTANDSPREIS,KALKULATIONSFAKTOR,LAGERBESTAND,MINDESTBESTAND) values ('60047','Monitor 21"  Panasonic S110i  110kHz  TCO99','PE','1007','2','18','10');
Insert into ARTIKEL (ARTIKELNR,ARTIKELNAME,ARTIKELGRUPPE,EINSTANDSPREIS,KALKULATIONSFAKTOR,LAGERBESTAND,MINDESTBESTAND) values ('60048','Monitor 22"  Iiyama A201HT  130kHz  TCO99','PE','1299','2','12','10');
Insert into ARTIKEL (ARTIKELNR,ARTIKELNAME,ARTIKELGRUPPE,EINSTANDSPREIS,KALKULATIONSFAKTOR,LAGERBESTAND,MINDESTBESTAND) values ('60049','Monitor TFT 15"  Fujitsu Skeyebird CTM5000  TCO99','PE','1169','2','87','10');
Insert into ARTIKEL (ARTIKELNR,ARTIKELNAME,ARTIKELGRUPPE,EINSTANDSPREIS,KALKULATIONSFAKTOR,LAGERBESTAND,MINDESTBESTAND) values ('60050','Monitor TFT 15 1"  Philips 151AX  TCO95','PE','1364','2','13','10');
Insert into ARTIKEL (ARTIKELNR,ARTIKELNAME,ARTIKELGRUPPE,EINSTANDSPREIS,KALKULATIONSFAKTOR,LAGERBESTAND,MINDESTBESTAND) values ('60051','Drucker Laser  s/w  Epson EPL-5800','PE','649','2','30','10');
Insert into ARTIKEL (ARTIKELNR,ARTIKELNAME,ARTIKELGRUPPE,EINSTANDSPREIS,KALKULATIONSFAKTOR,LAGERBESTAND,MINDESTBESTAND) values ('60052','Drucker Laser  s/w  HP LaserJet 1100','PE','519','2','62','10');
Insert into ARTIKEL (ARTIKELNR,ARTIKELNAME,ARTIKELGRUPPE,EINSTANDSPREIS,KALKULATIONSFAKTOR,LAGERBESTAND,MINDESTBESTAND) values ('60053','Drucker Laser  s/w  HP LaserJet 2100','PE','890','2','94','10');
Insert into ARTIKEL (ARTIKELNR,ARTIKELNAME,ARTIKELGRUPPE,EINSTANDSPREIS,KALKULATIONSFAKTOR,LAGERBESTAND,MINDESTBESTAND) values ('60054','Laser  s/w  Samsung ML-','PE','454','2','84','10');
Insert into ARTIKEL (ARTIKELNR,ARTIKELNAME,ARTIKELGRUPPE,EINSTANDSPREIS,KALKULATIONSFAKTOR,LAGERBESTAND,MINDESTBESTAND) values ('60055','Drucker Laser  s/w  Samsung ML-7000','PE','909','2','31','10');
Insert into ARTIKEL (ARTIKELNR,ARTIKELNAME,ARTIKELGRUPPE,EINSTANDSPREIS,KALKULATIONSFAKTOR,LAGERBESTAND,MINDESTBESTAND) values ('60056','Drucker Tintenstrahl  col  Epson Stylus Photo 750','PE','292','2','32','10');
Insert into ARTIKEL (ARTIKELNR,ARTIKELNAME,ARTIKELGRUPPE,EINSTANDSPREIS,KALKULATIONSFAKTOR,LAGERBESTAND,MINDESTBESTAND) values ('60057','Drucker Tintenstrahl  col  Epson Stylus Photo 870','PE','318','2','80','10');
Insert into ARTIKEL (ARTIKELNR,ARTIKELNAME,ARTIKELGRUPPE,EINSTANDSPREIS,KALKULATIONSFAKTOR,LAGERBESTAND,MINDESTBESTAND) values ('60058','Drucker Tintenstrahl  col  Epson Stylus Photo 875DC','PE','454','2','28','10');
Insert into ARTIKEL (ARTIKELNR,ARTIKELNAME,ARTIKELGRUPPE,EINSTANDSPREIS,KALKULATIONSFAKTOR,LAGERBESTAND,MINDESTBESTAND) values ('60059','Drucker Tintenstrahl  col  HP Deskjet 970Cxi','PE','402','2','17','10');
Insert into ARTIKEL (ARTIKELNR,ARTIKELNAME,ARTIKELGRUPPE,EINSTANDSPREIS,KALKULATIONSFAKTOR,LAGERBESTAND,MINDESTBESTAND) values ('60060','Drucker Tintenstrahl  col  HP Deskjet 990Cxi','PE','448','2','86','10');
Insert into ARTIKEL (ARTIKELNR,ARTIKELNAME,ARTIKELGRUPPE,EINSTANDSPREIS,KALKULATIONSFAKTOR,LAGERBESTAND,MINDESTBESTAND) values ('60061','Scanner  parallel  ACER Prisa 620P','PE','98','2','86','10');
Insert into ARTIKEL (ARTIKELNR,ARTIKELNAME,ARTIKELGRUPPE,EINSTANDSPREIS,KALKULATIONSFAKTOR,LAGERBESTAND,MINDESTBESTAND) values ('60062','Scanner  SCSI  Epson Perfection 1200S  inkl. SCSI-Kontrollerkarte','PE','280','2','43','10');
Insert into ARTIKEL (ARTIKELNR,ARTIKELNAME,ARTIKELGRUPPE,EINSTANDSPREIS,KALKULATIONSFAKTOR,LAGERBESTAND,MINDESTBESTAND) values ('60063','Scanner  USB  Epson Perfection 1200U','PE','244','2','37','10');
Insert into ARTIKEL (ARTIKELNR,ARTIKELNAME,ARTIKELGRUPPE,EINSTANDSPREIS,KALKULATIONSFAKTOR,LAGERBESTAND,MINDESTBESTAND) values ('61001','Typenraddrucker (Commodore 8250)','PE','1572','2','1','0');
Insert into ARTIKEL (ARTIKELNR,ARTIKELNAME,ARTIKELGRUPPE,EINSTANDSPREIS,KALKULATIONSFAKTOR,LAGERBESTAND,MINDESTBESTAND) values ('70001','CPU-Kühler  Slot 1  3pin  u.a. für Celeron (SEPP)','ZU','6','2,5','46','25');
Insert into ARTIKEL (ARTIKELNR,ARTIKELNAME,ARTIKELGRUPPE,EINSTANDSPREIS,KALKULATIONSFAKTOR,LAGERBESTAND,MINDESTBESTAND) values ('70002','CPU-Kühler  Slot 1  3pin  u.a. für Intel Pentium II/III (SECC2)','ZU','6','2,5','62','25');
Insert into ARTIKEL (ARTIKELNR,ARTIKELNAME,ARTIKELGRUPPE,EINSTANDSPREIS,KALKULATIONSFAKTOR,LAGERBESTAND,MINDESTBESTAND) values ('70003','CPU-Kühler  Slot 1  3pin  u.a. für Intel Pentium III (SECC2)  Papst','ZU','6','2,5','91','25');
Insert into ARTIKEL (ARTIKELNR,ARTIKELNAME,ARTIKELGRUPPE,EINSTANDSPREIS,KALKULATIONSFAKTOR,LAGERBESTAND,MINDESTBESTAND) values ('70004','CPU-Kühler  Slot 1  3pin/2 Lüfter  u.a. für Intel Pentium III','ZU','6','2,5','67','25');
Insert into ARTIKEL (ARTIKELNR,ARTIKELNAME,ARTIKELGRUPPE,EINSTANDSPREIS,KALKULATIONSFAKTOR,LAGERBESTAND,MINDESTBESTAND) values ('70005','CPU-Kühler  Slot A  3pin  u.a. für AMD K7 Athlon','ZU','16','2,5','70','25');
Insert into ARTIKEL (ARTIKELNR,ARTIKELNAME,ARTIKELGRUPPE,EINSTANDSPREIS,KALKULATIONSFAKTOR,LAGERBESTAND,MINDESTBESTAND) values ('70006','CPU-Kühler  Slot A  3pin  u.a. für AMD K7 Athlon  Papstlüfter','ZU','32','2,5','55','25');
Insert into ARTIKEL (ARTIKELNR,ARTIKELNAME,ARTIKELGRUPPE,EINSTANDSPREIS,KALKULATIONSFAKTOR,LAGERBESTAND,MINDESTBESTAND) values ('70007','CPU-Kühler  Sockel 7/370  3pin  u.a. für AMD K6 II/III  Papstlüfter','ZU','6','2,5','42','25');
Insert into ARTIKEL (ARTIKELNR,ARTIKELNAME,ARTIKELGRUPPE,EINSTANDSPREIS,KALKULATIONSFAKTOR,LAGERBESTAND,MINDESTBESTAND) values ('70008','CPU-Kühler  Sockel 7/370  3pin  u.a. für K6-II/K6-III Pentium 1','ZU','3','2,5','30','25');
Insert into ARTIKEL (ARTIKELNR,ARTIKELNAME,ARTIKELGRUPPE,EINSTANDSPREIS,KALKULATIONSFAKTOR,LAGERBESTAND,MINDESTBESTAND) values ('70009','CPU-Kühler  Sockel 7/370  4pin  u.a. für K6-II/K6-III Pentium 1','ZU','3','2,5','40','25');
Insert into ARTIKEL (ARTIKELNR,ARTIKELNAME,ARTIKELGRUPPE,EINSTANDSPREIS,KALKULATIONSFAKTOR,LAGERBESTAND,MINDESTBESTAND) values ('70010','CPU-Kühler  Sockel A  3pin  für AMD Thunderbird  Duron','ZU','5','2,5','72','25');
Insert into ARTIKEL (ARTIKELNR,ARTIKELNAME,ARTIKELGRUPPE,EINSTANDSPREIS,KALKULATIONSFAKTOR,LAGERBESTAND,MINDESTBESTAND) values ('70011','PU-Kühler  Sockel A  3pin  für AMD Thunderbird  Duron','ZU','4','2,5','97','25');
Insert into ARTIKEL (ARTIKELNR,ARTIKELNAME,ARTIKELGRUPPE,EINSTANDSPREIS,KALKULATIONSFAKTOR,LAGERBESTAND,MINDESTBESTAND) values ('70012','Netzwerk  TP (RJ45) Kupplung','ZU','16','2,5','77','25');
Insert into ARTIKEL (ARTIKELNR,ARTIKELNAME,ARTIKELGRUPPE,EINSTANDSPREIS,KALKULATIONSFAKTOR,LAGERBESTAND,MINDESTBESTAND) values ('70013','Netzwerkkabel  TP (RJ45  Kat. 5) 10m','ZU','16','2,5','99','25');
Insert into ARTIKEL (ARTIKELNR,ARTIKELNAME,ARTIKELGRUPPE,EINSTANDSPREIS,KALKULATIONSFAKTOR,LAGERBESTAND,MINDESTBESTAND) values ('70014','Netzwerkkabel  TP (RJ45  Kat. 5) 10m gekreuzt','ZU','18','2,5','38','25');
Insert into ARTIKEL (ARTIKELNR,ARTIKELNAME,ARTIKELGRUPPE,EINSTANDSPREIS,KALKULATIONSFAKTOR,LAGERBESTAND,MINDESTBESTAND) values ('70015','Druckerkabel  bidirektional  1 8m - 25pol. Stecker auf Centronics','ZU','3','2,5','79','25');
Insert into ARTIKEL (ARTIKELNR,ARTIKELNAME,ARTIKELGRUPPE,EINSTANDSPREIS,KALKULATIONSFAKTOR,LAGERBESTAND,MINDESTBESTAND) values ('70016','Druckerkabel  bidirektional  1 8m - 25pol. Stecker auf miniCentr.','ZU','13','2,5','2','25');
Insert into ARTIKEL (ARTIKELNR,ARTIKELNAME,ARTIKELGRUPPE,EINSTANDSPREIS,KALKULATIONSFAKTOR,LAGERBESTAND,MINDESTBESTAND) values ('70017','Druckerkabel  bidirektional  3m - 25pol. Stecker auf Centronics','ZU','6','2,5','25','25');
Insert into ARTIKEL (ARTIKELNR,ARTIKELNAME,ARTIKELGRUPPE,EINSTANDSPREIS,KALKULATIONSFAKTOR,LAGERBESTAND,MINDESTBESTAND) values ('70018','Notebook Tasche  Fujitsu-Siemens','ZU','6','2,5','22','25');
Insert into ARTIKEL (ARTIKELNR,ARTIKELNAME,ARTIKELGRUPPE,EINSTANDSPREIS,KALKULATIONSFAKTOR,LAGERBESTAND,MINDESTBESTAND) values ('70019','Mainboard  Adapter  FCPGA/PPGA auf Slot 1','ZU','15','2,5','90','25');
Insert into ARTIKEL (ARTIKELNR,ARTIKELNAME,ARTIKELGRUPPE,EINSTANDSPREIS,KALKULATIONSFAKTOR,LAGERBESTAND,MINDESTBESTAND) values ('70020','Mainboard  Adapter  Sockel 370 (Celeron) auf Slot 1  MSI Dual','ZU','25','2,5','49','25');
Insert into ARTIKEL (ARTIKELNR,ARTIKELNAME,ARTIKELGRUPPE,EINSTANDSPREIS,KALKULATIONSFAKTOR,LAGERBESTAND,MINDESTBESTAND) values ('70021','Mainboard  Kabel  2 x USB auf Slotblech','ZU','6','2,5','79','25');
Insert into ARTIKEL (ARTIKELNR,ARTIKELNAME,ARTIKELGRUPPE,EINSTANDSPREIS,KALKULATIONSFAKTOR,LAGERBESTAND,MINDESTBESTAND) values ('70022','Mainboard  Kabel  5pin. IrDA Sender/Empfänger','ZU','19','2,5','31','25');
Insert into ARTIKEL (ARTIKELNR,ARTIKELNAME,ARTIKELGRUPPE,EINSTANDSPREIS,KALKULATIONSFAKTOR,LAGERBESTAND,MINDESTBESTAND) values ('70023','Kopfhörer (Stereo) mit Mikrofon','ZU','10','2,5','47','25');
Insert into ARTIKEL (ARTIKELNR,ARTIKELNAME,ARTIKELGRUPPE,EINSTANDSPREIS,KALKULATIONSFAKTOR,LAGERBESTAND,MINDESTBESTAND) values ('70024','Lüfter  Gehäuselüfter 60 x 60 mm','ZU','4','2,5','33','25');
Insert into ARTIKEL (ARTIKELNR,ARTIKELNAME,ARTIKELGRUPPE,EINSTANDSPREIS,KALKULATIONSFAKTOR,LAGERBESTAND,MINDESTBESTAND) values ('70025','Mauspad standard','ZU','3','2,5','81','25');
Insert into ARTIKEL (ARTIKELNR,ARTIKELNAME,ARTIKELGRUPPE,EINSTANDSPREIS,KALKULATIONSFAKTOR,LAGERBESTAND,MINDESTBESTAND) values ('70026','Monitorkabel  15pol. Stecker auf 15pol. Stecker (geschirmt','ZU','19','2,5','89','25');
Insert into ARTIKEL (ARTIKELNR,ARTIKELNAME,ARTIKELGRUPPE,EINSTANDSPREIS,KALKULATIONSFAKTOR,LAGERBESTAND,MINDESTBESTAND) values ('70027','Monitorkabel  15pol. Stecker auf 15pol. Stecker (PC <-> Monitor)','ZU','7','2,5','26','25');
Insert into ARTIKEL (ARTIKELNR,ARTIKELNAME,ARTIKELGRUPPE,EINSTANDSPREIS,KALKULATIONSFAKTOR,LAGERBESTAND,MINDESTBESTAND) values ('70028','Monitorkabel  15pol. Stecker auf 5 x BNC  2m','ZU','19','2,5','88','25');
Insert into ARTIKEL (ARTIKELNR,ARTIKELNAME,ARTIKELGRUPPE,EINSTANDSPREIS,KALKULATIONSFAKTOR,LAGERBESTAND,MINDESTBESTAND) values ('71001','Farbbänder für Schreibmaschinen','ZU','8','3','10','0');
Insert into ARTIKEL (ARTIKELNR,ARTIKELNAME,ARTIKELGRUPPE,EINSTANDSPREIS,KALKULATIONSFAKTOR,LAGERBESTAND,MINDESTBESTAND) values ('71002','Typenräder für Schreibmaschinen','ZU','34','3','3','0');
Insert into ARTIKEL (ARTIKELNR,ARTIKELNAME,ARTIKELGRUPPE,EINSTANDSPREIS,KALKULATIONSFAKTOR,LAGERBESTAND,MINDESTBESTAND) values ('80001','CD-Brenner  Adaptec CD Creator','SO','19','1,8','59','20');
Insert into ARTIKEL (ARTIKELNR,ARTIKELNAME,ARTIKELGRUPPE,EINSTANDSPREIS,KALKULATIONSFAKTOR,LAGERBESTAND,MINDESTBESTAND) values ('80002','CD-Brenner  CeQuadrat WinOnCD 3.7','SO','77','1,8','81','20');
Insert into ARTIKEL (ARTIKELNR,ARTIKELNAME,ARTIKELGRUPPE,EINSTANDSPREIS,KALKULATIONSFAKTOR,LAGERBESTAND,MINDESTBESTAND) values ('80003','DVD Player  CyberLink PowerDVD','SO','32','1,8','27','20');
Insert into ARTIKEL (ARTIKELNR,ARTIKELNAME,ARTIKELGRUPPE,EINSTANDSPREIS,KALKULATIONSFAKTOR,LAGERBESTAND,MINDESTBESTAND) values ('80004','DVD Player  für ATI Grafikkarte mit MPEG2/DVD unterstützung','SO','13','1,8','93','20');
Insert into ARTIKEL (ARTIKELNR,ARTIKELNAME,ARTIKELGRUPPE,EINSTANDSPREIS,KALKULATIONSFAKTOR,LAGERBESTAND,MINDESTBESTAND) values ('80005','Microsoft Office 97 Pro -OEM-','SO','259','1,8','52','20');
Insert into ARTIKEL (ARTIKELNR,ARTIKELNAME,ARTIKELGRUPPE,EINSTANDSPREIS,KALKULATIONSFAKTOR,LAGERBESTAND,MINDESTBESTAND) values ('80006','Microsoft Windows 98 SE -OEM-','SO','162','1,8','33','20');
Insert into ARTIKEL (ARTIKELNR,ARTIKELNAME,ARTIKELGRUPPE,EINSTANDSPREIS,KALKULATIONSFAKTOR,LAGERBESTAND,MINDESTBESTAND) values ('80007','StarDivision Star Office 5.0 -OEM-','SO','10','1,8','78','20');
Insert into ARTIKEL (ARTIKELNR,ARTIKELNAME,ARTIKELGRUPPE,EINSTANDSPREIS,KALKULATIONSFAKTOR,LAGERBESTAND,MINDESTBESTAND) values ('80008','Software  Symantec Norton AntiVirus 2000 6.0','SO','45','1,8','54','20');
Insert into ARTIKEL (ARTIKELNR,ARTIKELNAME,ARTIKELGRUPPE,EINSTANDSPREIS,KALKULATIONSFAKTOR,LAGERBESTAND,MINDESTBESTAND) values ('90001','Festplatte IDE  10200MB  UDMA 66  Western Digital 102BA','SP','175','1,4','45','35');
Insert into ARTIKEL (ARTIKELNR,ARTIKELNAME,ARTIKELGRUPPE,EINSTANDSPREIS,KALKULATIONSFAKTOR,LAGERBESTAND,MINDESTBESTAND) values ('90002','Festplatte IDE  13000MB  Markenfabrikat (Fujitsu o.ä.)','SP','149','1,4','73','35');
Insert into ARTIKEL (ARTIKELNR,ARTIKELNAME,ARTIKELGRUPPE,EINSTANDSPREIS,KALKULATIONSFAKTOR,LAGERBESTAND,MINDESTBESTAND) values ('90003','Festplatte IDE  13600MB  UDMA 66  Western Digital 136AA','SP','142','1,4','82','35');
Insert into ARTIKEL (ARTIKELNR,ARTIKELNAME,ARTIKELGRUPPE,EINSTANDSPREIS,KALKULATIONSFAKTOR,LAGERBESTAND,MINDESTBESTAND) values ('90004','Festplatte IDE  15000MB  UDMA 100  IBM DTLA-305015  7200U/m.','SP','201','1,4','44','35');
Insert into ARTIKEL (ARTIKELNR,ARTIKELNAME,ARTIKELGRUPPE,EINSTANDSPREIS,KALKULATIONSFAKTOR,LAGERBESTAND,MINDESTBESTAND) values ('90005','Festplatte IDE  20400MB  UDMA 66  Fujitsu MPF3204AT','SP','188','1,4','34','35');
Insert into ARTIKEL (ARTIKELNR,ARTIKELNAME,ARTIKELGRUPPE,EINSTANDSPREIS,KALKULATIONSFAKTOR,LAGERBESTAND,MINDESTBESTAND) values ('90006','Festplatte IDE  20400MB  UDMA 66  Maxtor 52049U4/H4','SP','227','1,4','39','35');
Insert into ARTIKEL (ARTIKELNR,ARTIKELNAME,ARTIKELGRUPPE,EINSTANDSPREIS,KALKULATIONSFAKTOR,LAGERBESTAND,MINDESTBESTAND) values ('90007','Festplatte IDE  20500MB  UDMA 100  IBM DTLA-305020  5400U/m.','SP','194','1,4','68','35');
Insert into ARTIKEL (ARTIKELNR,ARTIKELNAME,ARTIKELGRUPPE,EINSTANDSPREIS,KALKULATIONSFAKTOR,LAGERBESTAND,MINDESTBESTAND) values ('90008','Festplatte IDE  20500MB  UDMA 66  Western Digital 205AA  5400U/min.','SP','201','1,4','38','35');
Insert into ARTIKEL (ARTIKELNR,ARTIKELNAME,ARTIKELGRUPPE,EINSTANDSPREIS,KALKULATIONSFAKTOR,LAGERBESTAND,MINDESTBESTAND) values ('90009','Festplatte IDE  20500MB  UDMA 66  Western Digital 205BA  7200U/min.','SP','220','1,4','12','35');
Insert into ARTIKEL (ARTIKELNR,ARTIKELNAME,ARTIKELGRUPPE,EINSTANDSPREIS,KALKULATIONSFAKTOR,LAGERBESTAND,MINDESTBESTAND) values ('90010','Festplatte IDE  30000MB  UDMA 100  IBM DTLA-307030  7200U/m.','SP','285','1,4','96','35');
Insert into ARTIKEL (ARTIKELNR,ARTIKELNAME,ARTIKELGRUPPE,EINSTANDSPREIS,KALKULATIONSFAKTOR,LAGERBESTAND,MINDESTBESTAND) values ('90011','Festplatte IDE  30700MB  UDMA 66  Maxtor 33073U4','SP','220','1,4','35','35');
Insert into ARTIKEL (ARTIKELNR,ARTIKELNAME,ARTIKELGRUPPE,EINSTANDSPREIS,KALKULATIONSFAKTOR,LAGERBESTAND,MINDESTBESTAND) values ('90012','Festplatte IDE  40900MB  UDMA 66  Maxtor 54098U8  7200U/Min.','SP','357','1,4','80','35');
Insert into ARTIKEL (ARTIKELNR,ARTIKELNAME,ARTIKELGRUPPE,EINSTANDSPREIS,KALKULATIONSFAKTOR,LAGERBESTAND,MINDESTBESTAND) values ('90013','Festplatte IDE  45000MB  UDMA 100  IBM DTLA-307045  7200U/m.','SP','402','1,4','29','35');
Insert into ARTIKEL (ARTIKELNR,ARTIKELNAME,ARTIKELGRUPPE,EINSTANDSPREIS,KALKULATIONSFAKTOR,LAGERBESTAND,MINDESTBESTAND) values ('90014','Festplatte IDE  45000MB  UDMA 66  Western Digital 450AA','SP','259','1,4','35','35');
Insert into ARTIKEL (ARTIKELNR,ARTIKELNAME,ARTIKELGRUPPE,EINSTANDSPREIS,KALKULATIONSFAKTOR,LAGERBESTAND,MINDESTBESTAND) values ('90015','Festplatte IDE  60000MB  UDMA 100  IBM DTLA-307060  7200U/m.','SP','682','1,4','77','35');
Insert into ARTIKEL (ARTIKELNR,ARTIKELNAME,ARTIKELGRUPPE,EINSTANDSPREIS,KALKULATIONSFAKTOR,LAGERBESTAND,MINDESTBESTAND) values ('90016','Festplatte IDE  75000MB  UDMA 100  IBM DTLA-307075  7200U/m.','SP','844','1,4','21','35');
Insert into ARTIKEL (ARTIKELNR,ARTIKELNAME,ARTIKELGRUPPE,EINSTANDSPREIS,KALKULATIONSFAKTOR,LAGERBESTAND,MINDESTBESTAND) values ('90017','Festplatte IDE  7500MB  Western Digital 75DA','SP','136','1,4','60','35');
Insert into ARTIKEL (ARTIKELNR,ARTIKELNAME,ARTIKELGRUPPE,EINSTANDSPREIS,KALKULATIONSFAKTOR,LAGERBESTAND,MINDESTBESTAND) values ('90018','Festplatte SCSI   9100MB  U160/LVD2  IBM DDYS-T09170LVD2','SP','415','1,4','97','35');
Insert into ARTIKEL (ARTIKELNR,ARTIKELNAME,ARTIKELGRUPPE,EINSTANDSPREIS,KALKULATIONSFAKTOR,LAGERBESTAND,MINDESTBESTAND) values ('90019','Festplatte SCSI   9100MB  U160/LVD2  IBM DPSS-309170LVD2','SP','383','1,4','85','35');
Insert into ARTIKEL (ARTIKELNR,ARTIKELNAME,ARTIKELGRUPPE,EINSTANDSPREIS,KALKULATIONSFAKTOR,LAGERBESTAND,MINDESTBESTAND) values ('90020','Festplatte SCSI   9100MB  U2W/LVD  IBM DNES-309170LVD','SP','311','1,4','45','35');
Insert into ARTIKEL (ARTIKELNR,ARTIKELNAME,ARTIKELGRUPPE,EINSTANDSPREIS,KALKULATIONSFAKTOR,LAGERBESTAND,MINDESTBESTAND) values ('90021','Festplatte SCSI   9100MB  Ultra  IBM DNES-309170U','SP','389','1,4','99','35');
Insert into ARTIKEL (ARTIKELNR,ARTIKELNAME,ARTIKELGRUPPE,EINSTANDSPREIS,KALKULATIONSFAKTOR,LAGERBESTAND,MINDESTBESTAND) values ('90022','Festplatte SCSI   9100MB  UW  IBM DNES-309170T','SP','324','1,4','50','35');
Insert into ARTIKEL (ARTIKELNR,ARTIKELNAME,ARTIKELGRUPPE,EINSTANDSPREIS,KALKULATIONSFAKTOR,LAGERBESTAND,MINDESTBESTAND) values ('90023','Disketten 3 5"  1 44MB  HD  BASF  20 Stück inkl. Antivirensoftware','SP','7','1,4','51','35');
Insert into ARTIKEL (ARTIKELNR,ARTIKELNAME,ARTIKELGRUPPE,EINSTANDSPREIS,KALKULATIONSFAKTOR,LAGERBESTAND,MINDESTBESTAND) values ('90024','Disketten 3 5"  120MB  LS120  Markenfabrikat','SP','17','1,4','72','35');
Insert into ARTIKEL (ARTIKELNR,ARTIKELNAME,ARTIKELGRUPPE,EINSTANDSPREIS,KALKULATIONSFAKTOR,LAGERBESTAND,MINDESTBESTAND) values ('91001','Speicherkassetten (Schreibautomat Triumph)','SP','66','3','2','0');
REM INSERTING into ARTIKELGRUPPEN
SET DEFINE OFF;
Insert into ARTIKELGRUPPEN (ARTIKELGRUPPE,BEZEICHNUNG) values ('KN','Kommunikation/Netzwerk');
Insert into ARTIKELGRUPPEN (ARTIKELGRUPPE,BEZEICHNUNG) values ('KP','Komponenten');
Insert into ARTIKELGRUPPEN (ARTIKELGRUPPE,BEZEICHNUNG) values ('PC','Personalcomputer');
Insert into ARTIKELGRUPPEN (ARTIKELGRUPPE,BEZEICHNUNG) values ('PE','Peripherie');
Insert into ARTIKELGRUPPEN (ARTIKELGRUPPE,BEZEICHNUNG) values ('SO','Software');
Insert into ARTIKELGRUPPEN (ARTIKELGRUPPE,BEZEICHNUNG) values ('SP','Speicher');
Insert into ARTIKELGRUPPEN (ARTIKELGRUPPE,BEZEICHNUNG) values ('ZU','Zubehör');
REM INSERTING into AUFTRAG
SET DEFINE OFF;
Insert into AUFTRAG (AUFTRAGSNUMMER,KUNDENNUMMER,AUFTRAGSDATUM,MITARBEITERNUMMER) values ('VA00-001','K024',to_date('26.01.00','DD.MM.RR'),'F1001');
Insert into AUFTRAG (AUFTRAGSNUMMER,KUNDENNUMMER,AUFTRAGSDATUM,MITARBEITERNUMMER) values ('VA00-002','k025',to_date('24.02.00','DD.MM.RR'),'F1005');
Insert into AUFTRAG (AUFTRAGSNUMMER,KUNDENNUMMER,AUFTRAGSDATUM,MITARBEITERNUMMER) values ('VA00-003','k024',to_date('04.03.00','DD.MM.RR'),'F1005');
Insert into AUFTRAG (AUFTRAGSNUMMER,KUNDENNUMMER,AUFTRAGSDATUM,MITARBEITERNUMMER) values ('VA00-004','k025',to_date('19.03.00','DD.MM.RR'),'F1001');
Insert into AUFTRAG (AUFTRAGSNUMMER,KUNDENNUMMER,AUFTRAGSDATUM,MITARBEITERNUMMER) values ('VA00-005','K024',to_date('27.03.00','DD.MM.RR'),'F1001');
Insert into AUFTRAG (AUFTRAGSNUMMER,KUNDENNUMMER,AUFTRAGSDATUM,MITARBEITERNUMMER) values ('VA00-006','k025',to_date('25.04.00','DD.MM.RR'),'F1005');
Insert into AUFTRAG (AUFTRAGSNUMMER,KUNDENNUMMER,AUFTRAGSDATUM,MITARBEITERNUMMER) values ('VA00-007','k024',to_date('07.05.00','DD.MM.RR'),'F1005');
Insert into AUFTRAG (AUFTRAGSNUMMER,KUNDENNUMMER,AUFTRAGSDATUM,MITARBEITERNUMMER) values ('VA00-008','K029',to_date('09.05.00','DD.MM.RR'),'F1004');
Insert into AUFTRAG (AUFTRAGSNUMMER,KUNDENNUMMER,AUFTRAGSDATUM,MITARBEITERNUMMER) values ('VA00-009','k025',to_date('17.05.00','DD.MM.RR'),'F1001');
Insert into AUFTRAG (AUFTRAGSNUMMER,KUNDENNUMMER,AUFTRAGSDATUM,MITARBEITERNUMMER) values ('VA00-010','K033',to_date('21.05.00','DD.MM.RR'),'F1004');
Insert into AUFTRAG (AUFTRAGSNUMMER,KUNDENNUMMER,AUFTRAGSDATUM,MITARBEITERNUMMER) values ('VA00-011','K021',to_date('22.05.00','DD.MM.RR'),'F1005');
Insert into AUFTRAG (AUFTRAGSNUMMER,KUNDENNUMMER,AUFTRAGSDATUM,MITARBEITERNUMMER) values ('VA00-012','K019',to_date('27.05.00','DD.MM.RR'),'F1001');
Insert into AUFTRAG (AUFTRAGSNUMMER,KUNDENNUMMER,AUFTRAGSDATUM,MITARBEITERNUMMER) values ('VA00-013','k024',to_date('02.06.00','DD.MM.RR'),'F1001');
Insert into AUFTRAG (AUFTRAGSNUMMER,KUNDENNUMMER,AUFTRAGSDATUM,MITARBEITERNUMMER) values ('VA00-014','K026',to_date('14.06.00','DD.MM.RR'),'F1005');
Insert into AUFTRAG (AUFTRAGSNUMMER,KUNDENNUMMER,AUFTRAGSDATUM,MITARBEITERNUMMER) values ('VA99-001','K026',to_date('04.10.99','DD.MM.RR'),'F1001');
Insert into AUFTRAG (AUFTRAGSNUMMER,KUNDENNUMMER,AUFTRAGSDATUM,MITARBEITERNUMMER) values ('VA99-002','K020',to_date('29.09.99','DD.MM.RR'),'F1005');
Insert into AUFTRAG (AUFTRAGSNUMMER,KUNDENNUMMER,AUFTRAGSDATUM,MITARBEITERNUMMER) values ('VA99-003','K020',to_date('17.10.99','DD.MM.RR'),'F1001');
Insert into AUFTRAG (AUFTRAGSNUMMER,KUNDENNUMMER,AUFTRAGSDATUM,MITARBEITERNUMMER) values ('VA99-004','K022',to_date('31.10.99','DD.MM.RR'),'F1004');
Insert into AUFTRAG (AUFTRAGSNUMMER,KUNDENNUMMER,AUFTRAGSDATUM,MITARBEITERNUMMER) values ('VA99-005','K021',to_date('04.11.99','DD.MM.RR'),'F1001');
Insert into AUFTRAG (AUFTRAGSNUMMER,KUNDENNUMMER,AUFTRAGSDATUM,MITARBEITERNUMMER) values ('VA99-006','K026',to_date('09.11.99','DD.MM.RR'),'F1001');
Insert into AUFTRAG (AUFTRAGSNUMMER,KUNDENNUMMER,AUFTRAGSDATUM,MITARBEITERNUMMER) values ('VA99-007','K020',to_date('10.11.99','DD.MM.RR'),'F1003');
Insert into AUFTRAG (AUFTRAGSNUMMER,KUNDENNUMMER,AUFTRAGSDATUM,MITARBEITERNUMMER) values ('VA99-008','K002',to_date('11.11.99','DD.MM.RR'),'F1001');
Insert into AUFTRAG (AUFTRAGSNUMMER,KUNDENNUMMER,AUFTRAGSDATUM,MITARBEITERNUMMER) values ('VA99-009','K002',to_date('14.11.99','DD.MM.RR'),'F1001');
Insert into AUFTRAG (AUFTRAGSNUMMER,KUNDENNUMMER,AUFTRAGSDATUM,MITARBEITERNUMMER) values ('VA99-010','K026',to_date('17.11.99','DD.MM.RR'),'F1001');
Insert into AUFTRAG (AUFTRAGSNUMMER,KUNDENNUMMER,AUFTRAGSDATUM,MITARBEITERNUMMER) values ('VA99-011','K026',to_date('18.11.99','DD.MM.RR'),'F1004');
Insert into AUFTRAG (AUFTRAGSNUMMER,KUNDENNUMMER,AUFTRAGSDATUM,MITARBEITERNUMMER) values ('VA99-012','K021',to_date('19.11.99','DD.MM.RR'),'F1004');
Insert into AUFTRAG (AUFTRAGSNUMMER,KUNDENNUMMER,AUFTRAGSDATUM,MITARBEITERNUMMER) values ('VA99-013','k002',to_date('19.11.99','DD.MM.RR'),'F1005');
Insert into AUFTRAG (AUFTRAGSNUMMER,KUNDENNUMMER,AUFTRAGSDATUM,MITARBEITERNUMMER) values ('VA99-014','K020',to_date('20.11.99','DD.MM.RR'),'F1004');
Insert into AUFTRAG (AUFTRAGSNUMMER,KUNDENNUMMER,AUFTRAGSDATUM,MITARBEITERNUMMER) values ('VA99-015','K020',to_date('21.11.99','DD.MM.RR'),'F1001');
Insert into AUFTRAG (AUFTRAGSNUMMER,KUNDENNUMMER,AUFTRAGSDATUM,MITARBEITERNUMMER) values ('VA99-016','K002',to_date('22.11.99','DD.MM.RR'),'F1005');
Insert into AUFTRAG (AUFTRAGSNUMMER,KUNDENNUMMER,AUFTRAGSDATUM,MITARBEITERNUMMER) values ('VA99-017','K002',to_date('24.11.99','DD.MM.RR'),'F1001');
Insert into AUFTRAG (AUFTRAGSNUMMER,KUNDENNUMMER,AUFTRAGSDATUM,MITARBEITERNUMMER) values ('VA99-018','K020',to_date('26.11.99','DD.MM.RR'),'F1005');
Insert into AUFTRAG (AUFTRAGSNUMMER,KUNDENNUMMER,AUFTRAGSDATUM,MITARBEITERNUMMER) values ('VA99-019','K025',to_date('12.12.99','DD.MM.RR'),'F1005');
Insert into AUFTRAG (AUFTRAGSNUMMER,KUNDENNUMMER,AUFTRAGSDATUM,MITARBEITERNUMMER) values ('VA99-020','K024',to_date('12.12.99','DD.MM.RR'),'F1004');
Insert into AUFTRAG (AUFTRAGSNUMMER,KUNDENNUMMER,AUFTRAGSDATUM,MITARBEITERNUMMER) values ('VA99-021','K029',to_date('13.12.99','DD.MM.RR'),'F1004');
Insert into AUFTRAG (AUFTRAGSNUMMER,KUNDENNUMMER,AUFTRAGSDATUM,MITARBEITERNUMMER) values ('VA99-022','K004',to_date('14.12.99','DD.MM.RR'),'F1004');
Insert into AUFTRAG (AUFTRAGSNUMMER,KUNDENNUMMER,AUFTRAGSDATUM,MITARBEITERNUMMER) values ('VA99-023','K031',to_date('15.12.99','DD.MM.RR'),'F1005');
Insert into AUFTRAG (AUFTRAGSNUMMER,KUNDENNUMMER,AUFTRAGSDATUM,MITARBEITERNUMMER) values ('VA99-024','K029',to_date('18.12.99','DD.MM.RR'),'F1004');
Insert into AUFTRAG (AUFTRAGSNUMMER,KUNDENNUMMER,AUFTRAGSDATUM,MITARBEITERNUMMER) values ('VA99-025','K001',to_date('21.12.99','DD.MM.RR'),'F1001');
Insert into AUFTRAG (AUFTRAGSNUMMER,KUNDENNUMMER,AUFTRAGSDATUM,MITARBEITERNUMMER) values ('VA99-026','K006',to_date('23.12.99','DD.MM.RR'),'F1003');
Insert into AUFTRAG (AUFTRAGSNUMMER,KUNDENNUMMER,AUFTRAGSDATUM,MITARBEITERNUMMER) values ('VA99-027','K020',to_date('25.12.99','DD.MM.RR'),'F1004');
Insert into AUFTRAG (AUFTRAGSNUMMER,KUNDENNUMMER,AUFTRAGSDATUM,MITARBEITERNUMMER) values ('VA99-028','K028',to_date('05.01.99','DD.MM.RR'),'F1005');
Insert into AUFTRAG (AUFTRAGSNUMMER,KUNDENNUMMER,AUFTRAGSDATUM,MITARBEITERNUMMER) values ('VA99-029','K025',to_date('17.01.99','DD.MM.RR'),'F1001');
Insert into AUFTRAG (AUFTRAGSNUMMER,KUNDENNUMMER,AUFTRAGSDATUM,MITARBEITERNUMMER) values ('VA99-030','K021',to_date('25.01.99','DD.MM.RR'),'F1002');
Insert into AUFTRAG (AUFTRAGSNUMMER,KUNDENNUMMER,AUFTRAGSDATUM,MITARBEITERNUMMER) values ('VA99-031','K007',to_date('30.01.99','DD.MM.RR'),'F1004');
Insert into AUFTRAG (AUFTRAGSNUMMER,KUNDENNUMMER,AUFTRAGSDATUM,MITARBEITERNUMMER) values ('VA99-032','K007',to_date('16.02.99','DD.MM.RR'),'F1005');
Insert into AUFTRAG (AUFTRAGSNUMMER,KUNDENNUMMER,AUFTRAGSDATUM,MITARBEITERNUMMER) values ('VA99-033','K017',to_date('22.02.99','DD.MM.RR'),'F1004');
Insert into AUFTRAG (AUFTRAGSNUMMER,KUNDENNUMMER,AUFTRAGSDATUM,MITARBEITERNUMMER) values ('VA99-034','K023',to_date('23.02.99','DD.MM.RR'),'F1001');
Insert into AUFTRAG (AUFTRAGSNUMMER,KUNDENNUMMER,AUFTRAGSDATUM,MITARBEITERNUMMER) values ('VA99-035','K009',to_date('26.02.99','DD.MM.RR'),'F1004');
Insert into AUFTRAG (AUFTRAGSNUMMER,KUNDENNUMMER,AUFTRAGSDATUM,MITARBEITERNUMMER) values ('VA99-036','K014',to_date('28.02.99','DD.MM.RR'),'F1001');
Insert into AUFTRAG (AUFTRAGSNUMMER,KUNDENNUMMER,AUFTRAGSDATUM,MITARBEITERNUMMER) values ('VA99-037','K010',to_date('06.03.99','DD.MM.RR'),'F1005');
Insert into AUFTRAG (AUFTRAGSNUMMER,KUNDENNUMMER,AUFTRAGSDATUM,MITARBEITERNUMMER) values ('VA99-038','K011',to_date('18.03.99','DD.MM.RR'),'F1001');
Insert into AUFTRAG (AUFTRAGSNUMMER,KUNDENNUMMER,AUFTRAGSDATUM,MITARBEITERNUMMER) values ('VA99-039','K011',to_date('26.03.99','DD.MM.RR'),'F1004');
Insert into AUFTRAG (AUFTRAGSNUMMER,KUNDENNUMMER,AUFTRAGSDATUM,MITARBEITERNUMMER) values ('VA99-040','K018',to_date('29.03.99','DD.MM.RR'),'F1005');
Insert into AUFTRAG (AUFTRAGSNUMMER,KUNDENNUMMER,AUFTRAGSDATUM,MITARBEITERNUMMER) values ('VA99-041','K003',to_date('31.03.99','DD.MM.RR'),'F1001');
Insert into AUFTRAG (AUFTRAGSNUMMER,KUNDENNUMMER,AUFTRAGSDATUM,MITARBEITERNUMMER) values ('VA99-042','K005',to_date('05.04.99','DD.MM.RR'),'F1004');
Insert into AUFTRAG (AUFTRAGSNUMMER,KUNDENNUMMER,AUFTRAGSDATUM,MITARBEITERNUMMER) values ('VA99-043','K023',to_date('30.04.99','DD.MM.RR'),'F1002');
Insert into AUFTRAG (AUFTRAGSNUMMER,KUNDENNUMMER,AUFTRAGSDATUM,MITARBEITERNUMMER) values ('VA99-044','K007',to_date('12.05.99','DD.MM.RR'),'F1005');
Insert into AUFTRAG (AUFTRAGSNUMMER,KUNDENNUMMER,AUFTRAGSDATUM,MITARBEITERNUMMER) values ('VA99-045','k003',to_date('26.05.99','DD.MM.RR'),'F1001');
Insert into AUFTRAG (AUFTRAGSNUMMER,KUNDENNUMMER,AUFTRAGSDATUM,MITARBEITERNUMMER) values ('VA99-046','K020',to_date('02.06.99','DD.MM.RR'),'F1001');
Insert into AUFTRAG (AUFTRAGSNUMMER,KUNDENNUMMER,AUFTRAGSDATUM,MITARBEITERNUMMER) values ('VA99-047','K013',to_date('10.06.99','DD.MM.RR'),'F1005');
REM INSERTING into AUFTRAGSPOSITION
SET DEFINE OFF;
Insert into AUFTRAGSPOSITION (AUFTRAGSNUMMER,AUFTRAGSPOSITION,ARTIKELNR,AUFTRAGSMENGE,AUFTRAGSPREIS) values ('VA00-001','1','50001','4','3600');
Insert into AUFTRAGSPOSITION (AUFTRAGSNUMMER,AUFTRAGSPOSITION,ARTIKELNR,AUFTRAGSMENGE,AUFTRAGSPREIS) values ('VA00-001','2','60041','4','900');
Insert into AUFTRAGSPOSITION (AUFTRAGSNUMMER,AUFTRAGSPOSITION,ARTIKELNR,AUFTRAGSMENGE,AUFTRAGSPREIS) values ('VA00-001','3','60060','4','800');
Insert into AUFTRAGSPOSITION (AUFTRAGSNUMMER,AUFTRAGSPOSITION,ARTIKELNR,AUFTRAGSMENGE,AUFTRAGSPREIS) values ('VA00-002','1','50027','10','4100');
Insert into AUFTRAGSPOSITION (AUFTRAGSNUMMER,AUFTRAGSPOSITION,ARTIKELNR,AUFTRAGSMENGE,AUFTRAGSPREIS) values ('VA00-002','2','60053','10','1780');
Insert into AUFTRAGSPOSITION (AUFTRAGSNUMMER,AUFTRAGSPOSITION,ARTIKELNR,AUFTRAGSMENGE,AUFTRAGSPREIS) values ('VA00-002','3','60048','10','2500');
Insert into AUFTRAGSPOSITION (AUFTRAGSNUMMER,AUFTRAGSPOSITION,ARTIKELNR,AUFTRAGSMENGE,AUFTRAGSPREIS) values ('VA00-003','1','30016','5','454');
Insert into AUFTRAGSPOSITION (AUFTRAGSNUMMER,AUFTRAGSPOSITION,ARTIKELNR,AUFTRAGSMENGE,AUFTRAGSPREIS) values ('VA00-004','1','30029','10','182');
Insert into AUFTRAGSPOSITION (AUFTRAGSNUMMER,AUFTRAGSPOSITION,ARTIKELNR,AUFTRAGSMENGE,AUFTRAGSPREIS) values ('VA00-004','2','20008','5','190');
Insert into AUFTRAGSPOSITION (AUFTRAGSNUMMER,AUFTRAGSPOSITION,ARTIKELNR,AUFTRAGSMENGE,AUFTRAGSPREIS) values ('VA00-004','3','10006','10','60');
Insert into AUFTRAGSPOSITION (AUFTRAGSNUMMER,AUFTRAGSPOSITION,ARTIKELNR,AUFTRAGSMENGE,AUFTRAGSPREIS) values ('VA00-004','4','60001','5','25');
Insert into AUFTRAGSPOSITION (AUFTRAGSNUMMER,AUFTRAGSPOSITION,ARTIKELNR,AUFTRAGSMENGE,AUFTRAGSPREIS) values ('VA00-005','1','60050','3','2720');
Insert into AUFTRAGSPOSITION (AUFTRAGSNUMMER,AUFTRAGSPOSITION,ARTIKELNR,AUFTRAGSMENGE,AUFTRAGSPREIS) values ('VA00-005','2','60055','2','1800');
Insert into AUFTRAGSPOSITION (AUFTRAGSNUMMER,AUFTRAGSPOSITION,ARTIKELNR,AUFTRAGSMENGE,AUFTRAGSPREIS) values ('VA00-006','1','30095','10','800');
Insert into AUFTRAGSPOSITION (AUFTRAGSNUMMER,AUFTRAGSPOSITION,ARTIKELNR,AUFTRAGSMENGE,AUFTRAGSPREIS) values ('VA00-006','2','50006','1','3300');
Insert into AUFTRAGSPOSITION (AUFTRAGSNUMMER,AUFTRAGSPOSITION,ARTIKELNR,AUFTRAGSMENGE,AUFTRAGSPREIS) values ('VA00-006','3','50007','3','2800');
Insert into AUFTRAGSPOSITION (AUFTRAGSNUMMER,AUFTRAGSPOSITION,ARTIKELNR,AUFTRAGSMENGE,AUFTRAGSPREIS) values ('VA00-006','4','40004','3','150');
Insert into AUFTRAGSPOSITION (AUFTRAGSNUMMER,AUFTRAGSPOSITION,ARTIKELNR,AUFTRAGSMENGE,AUFTRAGSPREIS) values ('VA00-007','1','30081','3','500');
Insert into AUFTRAGSPOSITION (AUFTRAGSNUMMER,AUFTRAGSPOSITION,ARTIKELNR,AUFTRAGSMENGE,AUFTRAGSPREIS) values ('VA00-007','2','30087','3','320');
Insert into AUFTRAGSPOSITION (AUFTRAGSNUMMER,AUFTRAGSPOSITION,ARTIKELNR,AUFTRAGSMENGE,AUFTRAGSPREIS) values ('VA00-007','3','30023','3','520');
Insert into AUFTRAGSPOSITION (AUFTRAGSNUMMER,AUFTRAGSPOSITION,ARTIKELNR,AUFTRAGSMENGE,AUFTRAGSPREIS) values ('VA00-008','1','30053','5','320');
Insert into AUFTRAGSPOSITION (AUFTRAGSNUMMER,AUFTRAGSPOSITION,ARTIKELNR,AUFTRAGSMENGE,AUFTRAGSPREIS) values ('VA00-009','1','30050','10','150');
Insert into AUFTRAGSPOSITION (AUFTRAGSNUMMER,AUFTRAGSPOSITION,ARTIKELNR,AUFTRAGSMENGE,AUFTRAGSPREIS) values ('VA00-009','2','30071','10','80');
Insert into AUFTRAGSPOSITION (AUFTRAGSNUMMER,AUFTRAGSPOSITION,ARTIKELNR,AUFTRAGSMENGE,AUFTRAGSPREIS) values ('VA00-009','3','40001','10','10');
Insert into AUFTRAGSPOSITION (AUFTRAGSNUMMER,AUFTRAGSPOSITION,ARTIKELNR,AUFTRAGSMENGE,AUFTRAGSPREIS) values ('VA00-009','4','60025','5','250');
Insert into AUFTRAGSPOSITION (AUFTRAGSNUMMER,AUFTRAGSPOSITION,ARTIKELNR,AUFTRAGSMENGE,AUFTRAGSPREIS) values ('VA00-010','1','70024','10','18');
Insert into AUFTRAGSPOSITION (AUFTRAGSNUMMER,AUFTRAGSPOSITION,ARTIKELNR,AUFTRAGSMENGE,AUFTRAGSPREIS) values ('VA00-010','2','70016','10','30');
Insert into AUFTRAGSPOSITION (AUFTRAGSNUMMER,AUFTRAGSPOSITION,ARTIKELNR,AUFTRAGSMENGE,AUFTRAGSPREIS) values ('VA00-011','1','30041','10','50');
Insert into AUFTRAGSPOSITION (AUFTRAGSNUMMER,AUFTRAGSPOSITION,ARTIKELNR,AUFTRAGSMENGE,AUFTRAGSPREIS) values ('VA00-011','2','30090','10','800');
Insert into AUFTRAGSPOSITION (AUFTRAGSNUMMER,AUFTRAGSPOSITION,ARTIKELNR,AUFTRAGSMENGE,AUFTRAGSPREIS) values ('VA00-012','1','60020','10','480');
Insert into AUFTRAGSPOSITION (AUFTRAGSNUMMER,AUFTRAGSPOSITION,ARTIKELNR,AUFTRAGSMENGE,AUFTRAGSPREIS) values ('VA00-012','2','60029','100','2');
Insert into AUFTRAGSPOSITION (AUFTRAGSNUMMER,AUFTRAGSPOSITION,ARTIKELNR,AUFTRAGSMENGE,AUFTRAGSPREIS) values ('VA00-012','3','60010','1','220');
Insert into AUFTRAGSPOSITION (AUFTRAGSNUMMER,AUFTRAGSPOSITION,ARTIKELNR,AUFTRAGSMENGE,AUFTRAGSPREIS) values ('VA00-013','1','50025','2','3900');
Insert into AUFTRAGSPOSITION (AUFTRAGSNUMMER,AUFTRAGSPOSITION,ARTIKELNR,AUFTRAGSMENGE,AUFTRAGSPREIS) values ('VA00-013','2','60050','2','2600');
Insert into AUFTRAGSPOSITION (AUFTRAGSNUMMER,AUFTRAGSPOSITION,ARTIKELNR,AUFTRAGSMENGE,AUFTRAGSPREIS) values ('VA00-013','3','60025','2','500');
Insert into AUFTRAGSPOSITION (AUFTRAGSNUMMER,AUFTRAGSPOSITION,ARTIKELNR,AUFTRAGSMENGE,AUFTRAGSPREIS) values ('VA00-014','1','70020','5','100');
Insert into AUFTRAGSPOSITION (AUFTRAGSNUMMER,AUFTRAGSPOSITION,ARTIKELNR,AUFTRAGSMENGE,AUFTRAGSPREIS) values ('VA00-014','2','30050','3','120');
Insert into AUFTRAGSPOSITION (AUFTRAGSNUMMER,AUFTRAGSPOSITION,ARTIKELNR,AUFTRAGSMENGE,AUFTRAGSPREIS) values ('VA99-001','1','30051','5','130');
Insert into AUFTRAGSPOSITION (AUFTRAGSNUMMER,AUFTRAGSPOSITION,ARTIKELNR,AUFTRAGSMENGE,AUFTRAGSPREIS) values ('VA99-001','2','30059','5','50');
Insert into AUFTRAGSPOSITION (AUFTRAGSNUMMER,AUFTRAGSPOSITION,ARTIKELNR,AUFTRAGSMENGE,AUFTRAGSPREIS) values ('VA99-001','3','30075','5','160');
Insert into AUFTRAGSPOSITION (AUFTRAGSNUMMER,AUFTRAGSPOSITION,ARTIKELNR,AUFTRAGSMENGE,AUFTRAGSPREIS) values ('VA99-002','1','30010','10','950');
Insert into AUFTRAGSPOSITION (AUFTRAGSNUMMER,AUFTRAGSPOSITION,ARTIKELNR,AUFTRAGSMENGE,AUFTRAGSPREIS) values ('VA99-002','2','30058','10','140');
Insert into AUFTRAGSPOSITION (AUFTRAGSNUMMER,AUFTRAGSPOSITION,ARTIKELNR,AUFTRAGSMENGE,AUFTRAGSPREIS) values ('VA99-002','3','10005','5','20');
Insert into AUFTRAGSPOSITION (AUFTRAGSNUMMER,AUFTRAGSPOSITION,ARTIKELNR,AUFTRAGSMENGE,AUFTRAGSPREIS) values ('VA99-003','1','60007','1','10500');
Insert into AUFTRAGSPOSITION (AUFTRAGSNUMMER,AUFTRAGSPOSITION,ARTIKELNR,AUFTRAGSMENGE,AUFTRAGSPREIS) values ('VA99-003','2','60045','1','1090');
Insert into AUFTRAGSPOSITION (AUFTRAGSNUMMER,AUFTRAGSPOSITION,ARTIKELNR,AUFTRAGSMENGE,AUFTRAGSPREIS) values ('VA99-003','3','60051','1','1300');
Insert into AUFTRAGSPOSITION (AUFTRAGSNUMMER,AUFTRAGSPOSITION,ARTIKELNR,AUFTRAGSMENGE,AUFTRAGSPREIS) values ('VA99-004','1','90015','5','920');
Insert into AUFTRAGSPOSITION (AUFTRAGSNUMMER,AUFTRAGSPOSITION,ARTIKELNR,AUFTRAGSMENGE,AUFTRAGSPREIS) values ('VA99-004','2','70002','20','7');
Insert into AUFTRAGSPOSITION (AUFTRAGSNUMMER,AUFTRAGSPOSITION,ARTIKELNR,AUFTRAGSMENGE,AUFTRAGSPREIS) values ('VA99-005','1','80008','5','90');
Insert into AUFTRAGSPOSITION (AUFTRAGSNUMMER,AUFTRAGSPOSITION,ARTIKELNR,AUFTRAGSMENGE,AUFTRAGSPREIS) values ('VA99-005','2','80007','5','25');
Insert into AUFTRAGSPOSITION (AUFTRAGSNUMMER,AUFTRAGSPOSITION,ARTIKELNR,AUFTRAGSMENGE,AUFTRAGSPREIS) values ('VA99-005','3','90015','10','900');
Insert into AUFTRAGSPOSITION (AUFTRAGSNUMMER,AUFTRAGSPOSITION,ARTIKELNR,AUFTRAGSMENGE,AUFTRAGSPREIS) values ('VA99-006','1','30040','20','160');
Insert into AUFTRAGSPOSITION (AUFTRAGSNUMMER,AUFTRAGSPOSITION,ARTIKELNR,AUFTRAGSMENGE,AUFTRAGSPREIS) values ('VA99-006','2','30031','10','175');
Insert into AUFTRAGSPOSITION (AUFTRAGSNUMMER,AUFTRAGSPOSITION,ARTIKELNR,AUFTRAGSMENGE,AUFTRAGSPREIS) values ('VA99-007','1','60061','4','200');
Insert into AUFTRAGSPOSITION (AUFTRAGSNUMMER,AUFTRAGSPOSITION,ARTIKELNR,AUFTRAGSMENGE,AUFTRAGSPREIS) values ('VA99-008','1','60062','5','560');
Insert into AUFTRAGSPOSITION (AUFTRAGSNUMMER,AUFTRAGSPOSITION,ARTIKELNR,AUFTRAGSMENGE,AUFTRAGSPREIS) values ('VA99-008','2','90008','5','285');
Insert into AUFTRAGSPOSITION (AUFTRAGSNUMMER,AUFTRAGSPOSITION,ARTIKELNR,AUFTRAGSMENGE,AUFTRAGSPREIS) values ('VA99-008','3','80006','10','560');
Insert into AUFTRAGSPOSITION (AUFTRAGSNUMMER,AUFTRAGSPOSITION,ARTIKELNR,AUFTRAGSMENGE,AUFTRAGSPREIS) values ('VA99-009','1','60063','2','480');
Insert into AUFTRAGSPOSITION (AUFTRAGSNUMMER,AUFTRAGSPOSITION,ARTIKELNR,AUFTRAGSMENGE,AUFTRAGSPREIS) values ('VA99-009','2','90010','5','490');
Insert into AUFTRAGSPOSITION (AUFTRAGSNUMMER,AUFTRAGSPOSITION,ARTIKELNR,AUFTRAGSMENGE,AUFTRAGSPREIS) values ('VA99-009','3','80002','2','150');
Insert into AUFTRAGSPOSITION (AUFTRAGSNUMMER,AUFTRAGSPOSITION,ARTIKELNR,AUFTRAGSMENGE,AUFTRAGSPREIS) values ('VA99-010','1','30077','7','920');
Insert into AUFTRAGSPOSITION (AUFTRAGSNUMMER,AUFTRAGSPOSITION,ARTIKELNR,AUFTRAGSMENGE,AUFTRAGSPREIS) values ('VA99-010','2','30070','5','10');
Insert into AUFTRAGSPOSITION (AUFTRAGSNUMMER,AUFTRAGSPOSITION,ARTIKELNR,AUFTRAGSMENGE,AUFTRAGSPREIS) values ('VA99-010','3','30073','20','190');
Insert into AUFTRAGSPOSITION (AUFTRAGSNUMMER,AUFTRAGSPOSITION,ARTIKELNR,AUFTRAGSMENGE,AUFTRAGSPREIS) values ('VA99-011','1','40002','5','250');
Insert into AUFTRAGSPOSITION (AUFTRAGSNUMMER,AUFTRAGSPOSITION,ARTIKELNR,AUFTRAGSMENGE,AUFTRAGSPREIS) values ('VA99-011','2','50003','5','2850');
Insert into AUFTRAGSPOSITION (AUFTRAGSNUMMER,AUFTRAGSPOSITION,ARTIKELNR,AUFTRAGSMENGE,AUFTRAGSPREIS) values ('VA99-011','3','60047','5','2010');
Insert into AUFTRAGSPOSITION (AUFTRAGSNUMMER,AUFTRAGSPOSITION,ARTIKELNR,AUFTRAGSMENGE,AUFTRAGSPREIS) values ('VA99-011','4','60052','5','1100');
Insert into AUFTRAGSPOSITION (AUFTRAGSNUMMER,AUFTRAGSPOSITION,ARTIKELNR,AUFTRAGSMENGE,AUFTRAGSPREIS) values ('VA99-012','1','60061','3','200');
Insert into AUFTRAGSPOSITION (AUFTRAGSNUMMER,AUFTRAGSPOSITION,ARTIKELNR,AUFTRAGSMENGE,AUFTRAGSPREIS) values ('VA99-013','1','70013','50','40');
Insert into AUFTRAGSPOSITION (AUFTRAGSNUMMER,AUFTRAGSPOSITION,ARTIKELNR,AUFTRAGSMENGE,AUFTRAGSPREIS) values ('VA99-013','2','80006','5','150');
Insert into AUFTRAGSPOSITION (AUFTRAGSNUMMER,AUFTRAGSPOSITION,ARTIKELNR,AUFTRAGSMENGE,AUFTRAGSPREIS) values ('VA99-014','1','50027','5','3200');
Insert into AUFTRAGSPOSITION (AUFTRAGSNUMMER,AUFTRAGSPOSITION,ARTIKELNR,AUFTRAGSMENGE,AUFTRAGSPREIS) values ('VA99-014','2','60049','5','2300');
Insert into AUFTRAGSPOSITION (AUFTRAGSNUMMER,AUFTRAGSPOSITION,ARTIKELNR,AUFTRAGSMENGE,AUFTRAGSPREIS) values ('VA99-014','3','60052','5','1800');
Insert into AUFTRAGSPOSITION (AUFTRAGSNUMMER,AUFTRAGSPOSITION,ARTIKELNR,AUFTRAGSMENGE,AUFTRAGSPREIS) values ('VA99-015','1','50020','10','2250');
Insert into AUFTRAGSPOSITION (AUFTRAGSNUMMER,AUFTRAGSPOSITION,ARTIKELNR,AUFTRAGSMENGE,AUFTRAGSPREIS) values ('VA99-015','2','60041','10','1020');
Insert into AUFTRAGSPOSITION (AUFTRAGSNUMMER,AUFTRAGSPOSITION,ARTIKELNR,AUFTRAGSMENGE,AUFTRAGSPREIS) values ('VA99-015','3','60057','10','640');
Insert into AUFTRAGSPOSITION (AUFTRAGSNUMMER,AUFTRAGSPOSITION,ARTIKELNR,AUFTRAGSMENGE,AUFTRAGSPREIS) values ('VA99-016','1','50024','5','3998');
Insert into AUFTRAGSPOSITION (AUFTRAGSNUMMER,AUFTRAGSPOSITION,ARTIKELNR,AUFTRAGSMENGE,AUFTRAGSPREIS) values ('VA99-016','2','60048','5','2599');
Insert into AUFTRAGSPOSITION (AUFTRAGSNUMMER,AUFTRAGSPOSITION,ARTIKELNR,AUFTRAGSMENGE,AUFTRAGSPREIS) values ('VA99-016','3','60055','5','1750');
Insert into AUFTRAGSPOSITION (AUFTRAGSNUMMER,AUFTRAGSPOSITION,ARTIKELNR,AUFTRAGSMENGE,AUFTRAGSPREIS) values ('VA99-017','1','30095','50','850');
Insert into AUFTRAGSPOSITION (AUFTRAGSNUMMER,AUFTRAGSPOSITION,ARTIKELNR,AUFTRAGSMENGE,AUFTRAGSPREIS) values ('VA99-017','2','60005','5','30');
Insert into AUFTRAGSPOSITION (AUFTRAGSNUMMER,AUFTRAGSPOSITION,ARTIKELNR,AUFTRAGSMENGE,AUFTRAGSPREIS) values ('VA99-018','1','50014','10','1999');
Insert into AUFTRAGSPOSITION (AUFTRAGSNUMMER,AUFTRAGSPOSITION,ARTIKELNR,AUFTRAGSMENGE,AUFTRAGSPREIS) values ('VA99-018','2','60044','10','1100');
Insert into AUFTRAGSPOSITION (AUFTRAGSNUMMER,AUFTRAGSPOSITION,ARTIKELNR,AUFTRAGSMENGE,AUFTRAGSPREIS) values ('VA99-018','3','60056','10','590');
Insert into AUFTRAGSPOSITION (AUFTRAGSNUMMER,AUFTRAGSPOSITION,ARTIKELNR,AUFTRAGSMENGE,AUFTRAGSPREIS) values ('VA99-019','1','40003','5','135');
Insert into AUFTRAGSPOSITION (AUFTRAGSNUMMER,AUFTRAGSPOSITION,ARTIKELNR,AUFTRAGSMENGE,AUFTRAGSPREIS) values ('VA99-019','2','30083','2','380');
Insert into AUFTRAGSPOSITION (AUFTRAGSNUMMER,AUFTRAGSPOSITION,ARTIKELNR,AUFTRAGSMENGE,AUFTRAGSPREIS) values ('VA99-020','1','60008','1','11500');
Insert into AUFTRAGSPOSITION (AUFTRAGSNUMMER,AUFTRAGSPOSITION,ARTIKELNR,AUFTRAGSMENGE,AUFTRAGSPREIS) values ('VA99-020','2','60017','2','575');
Insert into AUFTRAGSPOSITION (AUFTRAGSNUMMER,AUFTRAGSPOSITION,ARTIKELNR,AUFTRAGSMENGE,AUFTRAGSPREIS) values ('VA99-020','3','60039','3','500');
Insert into AUFTRAGSPOSITION (AUFTRAGSNUMMER,AUFTRAGSPOSITION,ARTIKELNR,AUFTRAGSMENGE,AUFTRAGSPREIS) values ('VA99-021','1','50015','2','1975');
Insert into AUFTRAGSPOSITION (AUFTRAGSNUMMER,AUFTRAGSPOSITION,ARTIKELNR,AUFTRAGSMENGE,AUFTRAGSPREIS) values ('VA99-021','2','60007','1','13000');
Insert into AUFTRAGSPOSITION (AUFTRAGSNUMMER,AUFTRAGSPOSITION,ARTIKELNR,AUFTRAGSMENGE,AUFTRAGSPREIS) values ('VA99-021','3','60010','2','230');
Insert into AUFTRAGSPOSITION (AUFTRAGSNUMMER,AUFTRAGSPOSITION,ARTIKELNR,AUFTRAGSMENGE,AUFTRAGSPREIS) values ('VA99-022','1','60007','1','12900');
Insert into AUFTRAGSPOSITION (AUFTRAGSNUMMER,AUFTRAGSPOSITION,ARTIKELNR,AUFTRAGSMENGE,AUFTRAGSPREIS) values ('VA99-023','1','60008','2','12450');
Insert into AUFTRAGSPOSITION (AUFTRAGSNUMMER,AUFTRAGSPOSITION,ARTIKELNR,AUFTRAGSMENGE,AUFTRAGSPREIS) values ('VA99-023','2','60011','3','140');
Insert into AUFTRAGSPOSITION (AUFTRAGSNUMMER,AUFTRAGSPOSITION,ARTIKELNR,AUFTRAGSMENGE,AUFTRAGSPREIS) values ('VA99-024','1','30090','10','850');
Insert into AUFTRAGSPOSITION (AUFTRAGSNUMMER,AUFTRAGSPOSITION,ARTIKELNR,AUFTRAGSMENGE,AUFTRAGSPREIS) values ('VA99-025','1','30090','5','845');
Insert into AUFTRAGSPOSITION (AUFTRAGSNUMMER,AUFTRAGSPOSITION,ARTIKELNR,AUFTRAGSMENGE,AUFTRAGSPREIS) values ('VA99-026','1','60050','5','2575');
Insert into AUFTRAGSPOSITION (AUFTRAGSNUMMER,AUFTRAGSPOSITION,ARTIKELNR,AUFTRAGSMENGE,AUFTRAGSPREIS) values ('VA99-026','2','60036','5','165');
Insert into AUFTRAGSPOSITION (AUFTRAGSNUMMER,AUFTRAGSPOSITION,ARTIKELNR,AUFTRAGSMENGE,AUFTRAGSPREIS) values ('VA99-027','1','60051','5','1250');
Insert into AUFTRAGSPOSITION (AUFTRAGSNUMMER,AUFTRAGSPOSITION,ARTIKELNR,AUFTRAGSMENGE,AUFTRAGSPREIS) values ('VA99-027','2','70025','50','7');
Insert into AUFTRAGSPOSITION (AUFTRAGSNUMMER,AUFTRAGSPOSITION,ARTIKELNR,AUFTRAGSMENGE,AUFTRAGSPREIS) values ('VA99-028','1','30035','10','1100');
Insert into AUFTRAGSPOSITION (AUFTRAGSNUMMER,AUFTRAGSPOSITION,ARTIKELNR,AUFTRAGSMENGE,AUFTRAGSPREIS) values ('VA99-028','2','30037','50','75');
Insert into AUFTRAGSPOSITION (AUFTRAGSNUMMER,AUFTRAGSPOSITION,ARTIKELNR,AUFTRAGSMENGE,AUFTRAGSPREIS) values ('VA99-028','3','30048','25','70');
Insert into AUFTRAGSPOSITION (AUFTRAGSNUMMER,AUFTRAGSPOSITION,ARTIKELNR,AUFTRAGSMENGE,AUFTRAGSPREIS) values ('VA99-029','1','50017','5','1799');
Insert into AUFTRAGSPOSITION (AUFTRAGSNUMMER,AUFTRAGSPOSITION,ARTIKELNR,AUFTRAGSMENGE,AUFTRAGSPREIS) values ('VA99-029','2','60041','5','1000');
Insert into AUFTRAGSPOSITION (AUFTRAGSNUMMER,AUFTRAGSPOSITION,ARTIKELNR,AUFTRAGSMENGE,AUFTRAGSPREIS) values ('VA99-029','3','60056','5','590');
Insert into AUFTRAGSPOSITION (AUFTRAGSNUMMER,AUFTRAGSPOSITION,ARTIKELNR,AUFTRAGSMENGE,AUFTRAGSPREIS) values ('VA99-030','1','50025','3','5200');
Insert into AUFTRAGSPOSITION (AUFTRAGSNUMMER,AUFTRAGSPOSITION,ARTIKELNR,AUFTRAGSMENGE,AUFTRAGSPREIS) values ('VA99-030','2','60050','3','2600');
Insert into AUFTRAGSPOSITION (AUFTRAGSNUMMER,AUFTRAGSPOSITION,ARTIKELNR,AUFTRAGSMENGE,AUFTRAGSPREIS) values ('VA99-030','3','60055','3','1750');
Insert into AUFTRAGSPOSITION (AUFTRAGSNUMMER,AUFTRAGSPOSITION,ARTIKELNR,AUFTRAGSMENGE,AUFTRAGSPREIS) values ('VA99-031','1','50001','2','2499');
Insert into AUFTRAGSPOSITION (AUFTRAGSNUMMER,AUFTRAGSPOSITION,ARTIKELNR,AUFTRAGSMENGE,AUFTRAGSPREIS) values ('VA99-031','2','60048','2','2480');
Insert into AUFTRAGSPOSITION (AUFTRAGSNUMMER,AUFTRAGSPOSITION,ARTIKELNR,AUFTRAGSMENGE,AUFTRAGSPREIS) values ('VA99-032','1','30091','10','260');
Insert into AUFTRAGSPOSITION (AUFTRAGSNUMMER,AUFTRAGSPOSITION,ARTIKELNR,AUFTRAGSMENGE,AUFTRAGSPREIS) values ('VA99-032','2','40003','5','150');
Insert into AUFTRAGSPOSITION (AUFTRAGSNUMMER,AUFTRAGSPOSITION,ARTIKELNR,AUFTRAGSMENGE,AUFTRAGSPREIS) values ('VA99-032','3','60005','10','35');
Insert into AUFTRAGSPOSITION (AUFTRAGSNUMMER,AUFTRAGSPOSITION,ARTIKELNR,AUFTRAGSMENGE,AUFTRAGSPREIS) values ('VA99-033','1','30086','5','380');
Insert into AUFTRAGSPOSITION (AUFTRAGSNUMMER,AUFTRAGSPOSITION,ARTIKELNR,AUFTRAGSMENGE,AUFTRAGSPREIS) values ('VA99-033','2','30087','5','300');
Insert into AUFTRAGSPOSITION (AUFTRAGSNUMMER,AUFTRAGSPOSITION,ARTIKELNR,AUFTRAGSMENGE,AUFTRAGSPREIS) values ('VA99-034','1','30074','10','275');
Insert into AUFTRAGSPOSITION (AUFTRAGSNUMMER,AUFTRAGSPOSITION,ARTIKELNR,AUFTRAGSMENGE,AUFTRAGSPREIS) values ('VA99-034','2','30081','3','330');
Insert into AUFTRAGSPOSITION (AUFTRAGSNUMMER,AUFTRAGSPOSITION,ARTIKELNR,AUFTRAGSMENGE,AUFTRAGSPREIS) values ('VA99-035','1','60031','10','110');
Insert into AUFTRAGSPOSITION (AUFTRAGSNUMMER,AUFTRAGSPOSITION,ARTIKELNR,AUFTRAGSMENGE,AUFTRAGSPREIS) values ('VA99-035','2','60054','5','900');
Insert into AUFTRAGSPOSITION (AUFTRAGSNUMMER,AUFTRAGSPOSITION,ARTIKELNR,AUFTRAGSMENGE,AUFTRAGSPREIS) values ('VA99-036','1','60023','5','520');
Insert into AUFTRAGSPOSITION (AUFTRAGSNUMMER,AUFTRAGSPOSITION,ARTIKELNR,AUFTRAGSMENGE,AUFTRAGSPREIS) values ('VA99-036','2','60044','5','1100');
Insert into AUFTRAGSPOSITION (AUFTRAGSNUMMER,AUFTRAGSPOSITION,ARTIKELNR,AUFTRAGSMENGE,AUFTRAGSPREIS) values ('VA99-037','1','50013','5','2500');
Insert into AUFTRAGSPOSITION (AUFTRAGSNUMMER,AUFTRAGSPOSITION,ARTIKELNR,AUFTRAGSMENGE,AUFTRAGSPREIS) values ('VA99-037','2','60046','5','990');
Insert into AUFTRAGSPOSITION (AUFTRAGSNUMMER,AUFTRAGSPOSITION,ARTIKELNR,AUFTRAGSMENGE,AUFTRAGSPREIS) values ('VA99-037','3','60058','5','890');
Insert into AUFTRAGSPOSITION (AUFTRAGSNUMMER,AUFTRAGSPOSITION,ARTIKELNR,AUFTRAGSMENGE,AUFTRAGSPREIS) values ('VA99-038','1','50019','3','1990');
Insert into AUFTRAGSPOSITION (AUFTRAGSNUMMER,AUFTRAGSPOSITION,ARTIKELNR,AUFTRAGSMENGE,AUFTRAGSPREIS) values ('VA99-038','2','60041','3','1200');
Insert into AUFTRAGSPOSITION (AUFTRAGSNUMMER,AUFTRAGSPOSITION,ARTIKELNR,AUFTRAGSMENGE,AUFTRAGSPREIS) values ('VA99-039','1','50021','5','2250');
Insert into AUFTRAGSPOSITION (AUFTRAGSNUMMER,AUFTRAGSPOSITION,ARTIKELNR,AUFTRAGSMENGE,AUFTRAGSPREIS) values ('VA99-039','2','60041','5','1200');
Insert into AUFTRAGSPOSITION (AUFTRAGSNUMMER,AUFTRAGSPOSITION,ARTIKELNR,AUFTRAGSMENGE,AUFTRAGSPREIS) values ('VA99-040','1','60014','5','540');
Insert into AUFTRAGSPOSITION (AUFTRAGSNUMMER,AUFTRAGSPOSITION,ARTIKELNR,AUFTRAGSMENGE,AUFTRAGSPREIS) values ('VA99-040','2','60034','5','130');
Insert into AUFTRAGSPOSITION (AUFTRAGSNUMMER,AUFTRAGSPOSITION,ARTIKELNR,AUFTRAGSMENGE,AUFTRAGSPREIS) values ('VA99-041','1','60055','3','1750');
Insert into AUFTRAGSPOSITION (AUFTRAGSNUMMER,AUFTRAGSPOSITION,ARTIKELNR,AUFTRAGSMENGE,AUFTRAGSPREIS) values ('VA99-041','2','30093','3','850');
Insert into AUFTRAGSPOSITION (AUFTRAGSNUMMER,AUFTRAGSPOSITION,ARTIKELNR,AUFTRAGSMENGE,AUFTRAGSPREIS) values ('VA99-042','1','60003','10','15');
Insert into AUFTRAGSPOSITION (AUFTRAGSNUMMER,AUFTRAGSPOSITION,ARTIKELNR,AUFTRAGSMENGE,AUFTRAGSPREIS) values ('VA99-042','2','70028','10','8');
Insert into AUFTRAGSPOSITION (AUFTRAGSNUMMER,AUFTRAGSPOSITION,ARTIKELNR,AUFTRAGSMENGE,AUFTRAGSPREIS) values ('VA99-043','1','70025','100','8');
Insert into AUFTRAGSPOSITION (AUFTRAGSNUMMER,AUFTRAGSPOSITION,ARTIKELNR,AUFTRAGSMENGE,AUFTRAGSPREIS) values ('VA99-043','2','40001','1','200');
Insert into AUFTRAGSPOSITION (AUFTRAGSNUMMER,AUFTRAGSPOSITION,ARTIKELNR,AUFTRAGSMENGE,AUFTRAGSPREIS) values ('VA99-043','3','30031','5','180');
Insert into AUFTRAGSPOSITION (AUFTRAGSNUMMER,AUFTRAGSPOSITION,ARTIKELNR,AUFTRAGSMENGE,AUFTRAGSPREIS) values ('VA99-044','1','50010','5','3100');
Insert into AUFTRAGSPOSITION (AUFTRAGSNUMMER,AUFTRAGSPOSITION,ARTIKELNR,AUFTRAGSMENGE,AUFTRAGSPREIS) values ('VA99-044','2','60048','5','2500');
Insert into AUFTRAGSPOSITION (AUFTRAGSNUMMER,AUFTRAGSPOSITION,ARTIKELNR,AUFTRAGSMENGE,AUFTRAGSPREIS) values ('VA99-044','3','60059','5','790');
Insert into AUFTRAGSPOSITION (AUFTRAGSNUMMER,AUFTRAGSPOSITION,ARTIKELNR,AUFTRAGSMENGE,AUFTRAGSPREIS) values ('VA99-046','1','50022','5','2990');
Insert into AUFTRAGSPOSITION (AUFTRAGSNUMMER,AUFTRAGSPOSITION,ARTIKELNR,AUFTRAGSMENGE,AUFTRAGSPREIS) values ('VA99-046','2','60046','5','1100');
Insert into AUFTRAGSPOSITION (AUFTRAGSNUMMER,AUFTRAGSPOSITION,ARTIKELNR,AUFTRAGSMENGE,AUFTRAGSPREIS) values ('VA99-046','3','60060','5','890');
Insert into AUFTRAGSPOSITION (AUFTRAGSNUMMER,AUFTRAGSPOSITION,ARTIKELNR,AUFTRAGSMENGE,AUFTRAGSPREIS) values ('VA99-046','4','60023','6','625');
Insert into AUFTRAGSPOSITION (AUFTRAGSNUMMER,AUFTRAGSPOSITION,ARTIKELNR,AUFTRAGSMENGE,AUFTRAGSPREIS) values ('VA99-047','1','60030','15','125');
Insert into AUFTRAGSPOSITION (AUFTRAGSNUMMER,AUFTRAGSPOSITION,ARTIKELNR,AUFTRAGSMENGE,AUFTRAGSPREIS) values ('VA99-047','2','60007','1','12000');
Insert into AUFTRAGSPOSITION (AUFTRAGSNUMMER,AUFTRAGSPOSITION,ARTIKELNR,AUFTRAGSMENGE,AUFTRAGSPREIS) values ('VA99-047','3','30090','3','750');
REM INSERTING into EINDEUT_PLZ
SET DEFINE OFF;
Insert into EINDEUT_PLZ (PLZ,ORT) values ('10001','Berlin 31');
Insert into EINDEUT_PLZ (PLZ,ORT) values ('10002','Berlin 47');
Insert into EINDEUT_PLZ (PLZ,ORT) values ('12211','Tupfing');
Insert into EINDEUT_PLZ (PLZ,ORT) values ('20001','Hamburg 70');
Insert into EINDEUT_PLZ (PLZ,ORT) values ('20003','Hamburg 54');
Insert into EINDEUT_PLZ (PLZ,ORT) values ('20602','Bad Oldesloe');
Insert into EINDEUT_PLZ (PLZ,ORT) values ('23001','Kiel 1');
Insert into EINDEUT_PLZ (PLZ,ORT) values ('23132','Raisdorf');
Insert into EINDEUT_PLZ (PLZ,ORT) values ('23232','Hafenstadt');
Insert into EINDEUT_PLZ (PLZ,ORT) values ('23235','Klappstadt');
Insert into EINDEUT_PLZ (PLZ,ORT) values ('23593','Henstedt-Ulzburg');
Insert into EINDEUT_PLZ (PLZ,ORT) values ('24001','Lübeck');
Insert into EINDEUT_PLZ (PLZ,ORT) values ('30707','Nienburg(Weser)');
Insert into EINDEUT_PLZ (PLZ,ORT) values ('32321','Prumpfen');
Insert into EINDEUT_PLZ (PLZ,ORT) values ('32322','Brodeln');
Insert into EINDEUT_PLZ (PLZ,ORT) values ('34325','Hinterdorf');
Insert into EINDEUT_PLZ (PLZ,ORT) values ('34329','Gerolsbach');
Insert into EINDEUT_PLZ (PLZ,ORT) values ('34567','Atten');
Insert into EINDEUT_PLZ (PLZ,ORT) values ('40542','Nettetal');
Insert into EINDEUT_PLZ (PLZ,ORT) values ('43524','Oberstauden');
Insert into EINDEUT_PLZ (PLZ,ORT) values ('43525','Unterstauden');
Insert into EINDEUT_PLZ (PLZ,ORT) values ('45443','Streben');
Insert into EINDEUT_PLZ (PLZ,ORT) values ('54675','Hinterheim');
Insert into EINDEUT_PLZ (PLZ,ORT) values ('54679','Stauden');
Insert into EINDEUT_PLZ (PLZ,ORT) values ('55494','Erbach');
Insert into EINDEUT_PLZ (PLZ,ORT) values ('62002','Wiesbaden');
Insert into EINDEUT_PLZ (PLZ,ORT) values ('64711','Erbach');
Insert into EINDEUT_PLZ (PLZ,ORT) values ('65430','Ungenheim');
Insert into EINDEUT_PLZ (PLZ,ORT) values ('65439','Winkelhausen');
Insert into EINDEUT_PLZ (PLZ,ORT) values ('65656','Sonnenstein');
Insert into EINDEUT_PLZ (PLZ,ORT) values ('65658','Pilsen');
Insert into EINDEUT_PLZ (PLZ,ORT) values ('67897','Klingen');
Insert into EINDEUT_PLZ (PLZ,ORT) values ('67899','Dinkeln');
Insert into EINDEUT_PLZ (PLZ,ORT) values ('70001','Stuttgart');
Insert into EINDEUT_PLZ (PLZ,ORT) values ('70329','Stuttgart-2');
Insert into EINDEUT_PLZ (PLZ,ORT) values ('70567','Stuttgart-1');
Insert into EINDEUT_PLZ (PLZ,ORT) values ('71065','Esslingen');
Insert into EINDEUT_PLZ (PLZ,ORT) values ('71384','Beutelsbach');
Insert into EINDEUT_PLZ (PLZ,ORT) values ('72070','Tübingen');
Insert into EINDEUT_PLZ (PLZ,ORT) values ('72072','Tübingen');
Insert into EINDEUT_PLZ (PLZ,ORT) values ('72108','Rottenburg');
Insert into EINDEUT_PLZ (PLZ,ORT) values ('73033','Göppingen');
Insert into EINDEUT_PLZ (PLZ,ORT) values ('73035','Göppingen');
Insert into EINDEUT_PLZ (PLZ,ORT) values ('73312','Geislingen');
Insert into EINDEUT_PLZ (PLZ,ORT) values ('74348','Lauffen');
Insert into EINDEUT_PLZ (PLZ,ORT) values ('76544','Obermühl');
Insert into EINDEUT_PLZ (PLZ,ORT) values ('76545','Heimstadt');
Insert into EINDEUT_PLZ (PLZ,ORT) values ('76568','Plöbingen');
Insert into EINDEUT_PLZ (PLZ,ORT) values ('76795','Aing');
Insert into EINDEUT_PLZ (PLZ,ORT) values ('76798','Plastenhausen');
Insert into EINDEUT_PLZ (PLZ,ORT) values ('78779','Gingen');
Insert into EINDEUT_PLZ (PLZ,ORT) values ('79108','Freiburg');
Insert into EINDEUT_PLZ (PLZ,ORT) values ('79117','Freiburg');
Insert into EINDEUT_PLZ (PLZ,ORT) values ('79423','Heitersheim');
Insert into EINDEUT_PLZ (PLZ,ORT) values ('80572','Eching');
Insert into EINDEUT_PLZ (PLZ,ORT) values ('80800','München');
Insert into EINDEUT_PLZ (PLZ,ORT) values ('80804','Dümplingen');
Insert into EINDEUT_PLZ (PLZ,ORT) values ('83108','Gammelshausen');
Insert into EINDEUT_PLZ (PLZ,ORT) values ('84523','Hirschau');
Insert into EINDEUT_PLZ (PLZ,ORT) values ('85302','Geroldsbach');
Insert into EINDEUT_PLZ (PLZ,ORT) values ('85334','Friedrichshafen');
Insert into EINDEUT_PLZ (PLZ,ORT) values ('85354','Friedrichshafen');
Insert into EINDEUT_PLZ (PLZ,ORT) values ('86199','Augsburg');
Insert into EINDEUT_PLZ (PLZ,ORT) values ('86869','Krumbach');
Insert into EINDEUT_PLZ (PLZ,ORT) values ('87654','Gempen');
Insert into EINDEUT_PLZ (PLZ,ORT) values ('87659','Manching');
Insert into EINDEUT_PLZ (PLZ,ORT) values ('87689','Ambach');
Insert into EINDEUT_PLZ (PLZ,ORT) values ('87870','Plingen');
Insert into EINDEUT_PLZ (PLZ,ORT) values ('88097','Eriskirch');
Insert into EINDEUT_PLZ (PLZ,ORT) values ('88471','Laupheim');
Insert into EINDEUT_PLZ (PLZ,ORT) values ('89071','Ulm');
Insert into EINDEUT_PLZ (PLZ,ORT) values ('89073','Ulm');
Insert into EINDEUT_PLZ (PLZ,ORT) values ('89079','Ulm');
Insert into EINDEUT_PLZ (PLZ,ORT) values ('89081','Ulm');
Insert into EINDEUT_PLZ (PLZ,ORT) values ('89134','Blaustein');
Insert into EINDEUT_PLZ (PLZ,ORT) values ('89143','Blaubeuren');
Insert into EINDEUT_PLZ (PLZ,ORT) values ('89150','Laichingen');
Insert into EINDEUT_PLZ (PLZ,ORT) values ('89155','Erbach');
Insert into EINDEUT_PLZ (PLZ,ORT) values ('89520','Heidenheim');
Insert into EINDEUT_PLZ (PLZ,ORT) values ('89522','Heidenheim');
Insert into EINDEUT_PLZ (PLZ,ORT) values ('89584','Ehingen-Lauterach');
Insert into EINDEUT_PLZ (PLZ,ORT) values ('89585','Ehingen');
Insert into EINDEUT_PLZ (PLZ,ORT) values ('98765','Langdorf');
REM INSERTING into KUNDE
SET DEFINE OFF;
Insert into KUNDE (KUNDENNUMMER,VORNAME,NAME,ANSPRECHPARTNER,STRASSE,PLZ,TELEFON,TELEFAX,UMSATZ,RABATTSATZ,ZAHLUNGSZIEL) values ('K001','Firma','Menge KG, Bürogeräte',null,'Hauptstr. 34','89150',null,null,'300','0','30');
Insert into KUNDE (KUNDENNUMMER,VORNAME,NAME,ANSPRECHPARTNER,STRASSE,PLZ,TELEFON,TELEFAX,UMSATZ,RABATTSATZ,ZAHLUNGSZIEL) values ('K002','Alfred','Maier, Sportartikel',null,'Zwingerweg 19','89143',null,null,'2500','0','20');
Insert into KUNDE (KUNDENNUMMER,VORNAME,NAME,ANSPRECHPARTNER,STRASSE,PLZ,TELEFON,TELEFAX,UMSATZ,RABATTSATZ,ZAHLUNGSZIEL) values ('K003','Gerlinde','Meyer,Bürogeräte',null,'Am Steiger 78','71384','089/878788',null,'3800','0','20');
Insert into KUNDE (KUNDENNUMMER,VORNAME,NAME,ANSPRECHPARTNER,STRASSE,PLZ,TELEFON,TELEFAX,UMSATZ,RABATTSATZ,ZAHLUNGSZIEL) values ('K004','Herr','Mauer',null,'Parzivalstr. 25','89134',null,null,'500','0','90');
Insert into KUNDE (KUNDENNUMMER,VORNAME,NAME,ANSPRECHPARTNER,STRASSE,PLZ,TELEFON,TELEFAX,UMSATZ,RABATTSATZ,ZAHLUNGSZIEL) values ('K005','Firma','Neumüller GmbH, Sportausrüstungen','Herr Neumüller','Großstr. 23','72108','09876/8787','09876/8766','98000','15','90');
Insert into KUNDE (KUNDENNUMMER,VORNAME,NAME,ANSPRECHPARTNER,STRASSE,PLZ,TELEFON,TELEFAX,UMSATZ,RABATTSATZ,ZAHLUNGSZIEL) values ('K006','Firma','Braun GmbH & Co., Systemhaus','Frau Maier','Landstr. 23','89155','0976/66543','0976/6543','45000','10','120');
Insert into KUNDE (KUNDENNUMMER,VORNAME,NAME,ANSPRECHPARTNER,STRASSE,PLZ,TELEFON,TELEFAX,UMSATZ,RABATTSATZ,ZAHLUNGSZIEL) values ('K007','Firma','Segdorf GmbH, High Tech','Hr. Kunz','Klingensbrück 23','55494','04876/7777','04876/7778','36000','10','0');
Insert into KUNDE (KUNDENNUMMER,VORNAME,NAME,ANSPRECHPARTNER,STRASSE,PLZ,TELEFON,TELEFAX,UMSATZ,RABATTSATZ,ZAHLUNGSZIEL) values ('K008','Firma','Englsdorf','Fr. Poppenstedt','Hauptstr. 45','64711','09654/6678',null,'58000','15','0');
Insert into KUNDE (KUNDENNUMMER,VORNAME,NAME,ANSPRECHPARTNER,STRASSE,PLZ,TELEFON,TELEFAX,UMSATZ,RABATTSATZ,ZAHLUNGSZIEL) values ('K009','Angelo','Braunmühl','Hr. Appen','Kleinstr. 23','88097','0765/8866',null,'126000','20','30');
Insert into KUNDE (KUNDENNUMMER,VORNAME,NAME,ANSPRECHPARTNER,STRASSE,PLZ,TELEFON,TELEFAX,UMSATZ,RABATTSATZ,ZAHLUNGSZIEL) values ('K010','Firma','Velo GmbH, Hard&Software','Hr. Pfiff','Bergerweg 7','79108','0934/8723',null,'37000','10','30');
Insert into KUNDE (KUNDENNUMMER,VORNAME,NAME,ANSPRECHPARTNER,STRASSE,PLZ,TELEFON,TELEFAX,UMSATZ,RABATTSATZ,ZAHLUNGSZIEL) values ('K011','Hubert','Neu',null,'Pfaffweg 45','79117','02123/6566',null,'36500','10','20');
Insert into KUNDE (KUNDENNUMMER,VORNAME,NAME,ANSPRECHPARTNER,STRASSE,PLZ,TELEFON,TELEFAX,UMSATZ,RABATTSATZ,ZAHLUNGSZIEL) values ('K012','ERika','Alsko',null,'Dorfweg 7','85354','0657/43334',null,'78200','15','30');
Insert into KUNDE (KUNDENNUMMER,VORNAME,NAME,ANSPRECHPARTNER,STRASSE,PLZ,TELEFON,TELEFAX,UMSATZ,RABATTSATZ,ZAHLUNGSZIEL) values ('K013','Jasmin','Gerber, Schreibbüro','Hr. Kampf','Himmelweg 23','85334','08838/7787',null,'200','0','30');
Insert into KUNDE (KUNDENNUMMER,VORNAME,NAME,ANSPRECHPARTNER,STRASSE,PLZ,TELEFON,TELEFAX,UMSATZ,RABATTSATZ,ZAHLUNGSZIEL) values ('K014','Firma','BlueBit GmbH, Systemhaus',null,'Plunzgasse 2','83108','0220/23423',null,'300','0','30');
Insert into KUNDE (KUNDENNUMMER,VORNAME,NAME,ANSPRECHPARTNER,STRASSE,PLZ,TELEFON,TELEFAX,UMSATZ,RABATTSATZ,ZAHLUNGSZIEL) values ('K015','Firma','Biker KG,Bürogeräteverkauf','Fr. Haferkamp','Hafenstr. 45','85302','01989/2323',null,'7800','0','30');
Insert into KUNDE (KUNDENNUMMER,VORNAME,NAME,ANSPRECHPARTNER,STRASSE,PLZ,TELEFON,TELEFAX,UMSATZ,RABATTSATZ,ZAHLUNGSZIEL) values ('K016','Else','Kleinmühl',null,'Kurzweg 2','73312','07654/2354',null,'79000','15','30');
Insert into KUNDE (KUNDENNUMMER,VORNAME,NAME,ANSPRECHPARTNER,STRASSE,PLZ,TELEFON,TELEFAX,UMSATZ,RABATTSATZ,ZAHLUNGSZIEL) values ('K017','Hans-Jörg','Kleber, Bürogeräte','Hr. Kampf','Himmelweg 46','86199','08838/7787',null,'24100','10','90');
Insert into KUNDE (KUNDENNUMMER,VORNAME,NAME,ANSPRECHPARTNER,STRASSE,PLZ,TELEFON,TELEFAX,UMSATZ,RABATTSATZ,ZAHLUNGSZIEL) values ('K018','Herr','Erik Janser KG,Bürogeräte',null,'Klonstr. 129','73035','07659/8789',null,'32000','10','90');
Insert into KUNDE (KUNDENNUMMER,VORNAME,NAME,ANSPRECHPARTNER,STRASSE,PLZ,TELEFON,TELEFAX,UMSATZ,RABATTSATZ,ZAHLUNGSZIEL) values ('K019','Firma','Osten GmbH& Co.','Hr. Zepter','Ungerstr. 23','73033','06543/6676',null,'3780','0','20');
Insert into KUNDE (KUNDENNUMMER,VORNAME,NAME,ANSPRECHPARTNER,STRASSE,PLZ,TELEFON,TELEFAX,UMSATZ,RABATTSATZ,ZAHLUNGSZIEL) values ('K020','Firma','Osterberger, Bürogeräte','Hr. Meinig','Kummelberg 3','89520','08765/787',null,'6500','0','20');
Insert into KUNDE (KUNDENNUMMER,VORNAME,NAME,ANSPRECHPARTNER,STRASSE,PLZ,TELEFON,TELEFAX,UMSATZ,RABATTSATZ,ZAHLUNGSZIEL) values ('K021','Firma','Diebel & Partner',null,'Peterweg','89522','0765/8876',null,'9900','0','30');
Insert into KUNDE (KUNDENNUMMER,VORNAME,NAME,ANSPRECHPARTNER,STRASSE,PLZ,TELEFON,TELEFAX,UMSATZ,RABATTSATZ,ZAHLUNGSZIEL) values ('K022','Firma','Plinze & Söhne','Hr. Pilger','Zugweg 23','79423','04876/7777','04876/7778','23000','10','30');
Insert into KUNDE (KUNDENNUMMER,VORNAME,NAME,ANSPRECHPARTNER,STRASSE,PLZ,TELEFON,TELEFAX,UMSATZ,RABATTSATZ,ZAHLUNGSZIEL) values ('K023','Firma','Kleiner & Co.',null,'Mühlstr. 23','74348','07654/2354',null,'58000','10','90');
Insert into KUNDE (KUNDENNUMMER,VORNAME,NAME,ANSPRECHPARTNER,STRASSE,PLZ,TELEFON,TELEFAX,UMSATZ,RABATTSATZ,ZAHLUNGSZIEL) values ('K024','Hermann','Berger,Bürogeräteverkauf',null,'Stadtweg 12','89584','08877/9865',null,'54000','10','90');
Insert into KUNDE (KUNDENNUMMER,VORNAME,NAME,ANSPRECHPARTNER,STRASSE,PLZ,TELEFON,TELEFAX,UMSATZ,RABATTSATZ,ZAHLUNGSZIEL) values ('K025','Frau','Silber',null,'Kunzgasse 3','89584','0298/87879',null,'23500','10','60');
Insert into KUNDE (KUNDENNUMMER,VORNAME,NAME,ANSPRECHPARTNER,STRASSE,PLZ,TELEFON,TELEFAX,UMSATZ,RABATTSATZ,ZAHLUNGSZIEL) values ('K026','Herr','Usedom',null,'Pilgerweg 4','89584','05878/875',null,'44000','10','30');
Insert into KUNDE (KUNDENNUMMER,VORNAME,NAME,ANSPRECHPARTNER,STRASSE,PLZ,TELEFON,TELEFAX,UMSATZ,RABATTSATZ,ZAHLUNGSZIEL) values ('K027','Herr','Müller',null,'Pfaffenweg 34','89143','07658   232323',null,'22500','10','60');
Insert into KUNDE (KUNDENNUMMER,VORNAME,NAME,ANSPRECHPARTNER,STRASSE,PLZ,TELEFON,TELEFAX,UMSATZ,RABATTSATZ,ZAHLUNGSZIEL) values ('K028','Firma','IT-Produkte Blaumann GmbH','Fr. Espe','Hauptstr. 45','88471','0954/6678',null,'17500','10','30');
Insert into KUNDE (KUNDENNUMMER,VORNAME,NAME,ANSPRECHPARTNER,STRASSE,PLZ,TELEFON,TELEFAX,UMSATZ,RABATTSATZ,ZAHLUNGSZIEL) values ('K029','Georg','Götz, Computerausstattung','Hr. Appel','Dorfweg 28','72070','0765/8866',null,'67250','15','30');
Insert into KUNDE (KUNDENNUMMER,VORNAME,NAME,ANSPRECHPARTNER,STRASSE,PLZ,TELEFON,TELEFAX,UMSATZ,RABATTSATZ,ZAHLUNGSZIEL) values ('K030','Herr','Mandel',null,'Petergasse 2','72072','02320/23423',null,'123546','20','0');
Insert into KUNDE (KUNDENNUMMER,VORNAME,NAME,ANSPRECHPARTNER,STRASSE,PLZ,TELEFON,TELEFAX,UMSATZ,RABATTSATZ,ZAHLUNGSZIEL) values ('K031','Firma','Kunzman-Räder KG',null,'Langwied 23','89081','0764/2354',null,'43000','10','20');
Insert into KUNDE (KUNDENNUMMER,VORNAME,NAME,ANSPRECHPARTNER,STRASSE,PLZ,TELEFON,TELEFAX,UMSATZ,RABATTSATZ,ZAHLUNGSZIEL) values ('K032','Fridolin','Kupfer',null,'Bergstr. 33','89079','06643/6676',null,'34500','10','20');
Insert into KUNDE (KUNDENNUMMER,VORNAME,NAME,ANSPRECHPARTNER,STRASSE,PLZ,TELEFON,TELEFAX,UMSATZ,RABATTSATZ,ZAHLUNGSZIEL) values ('K033','Gabi','Widmann',null,'Ochsenweg 98','89073','0248/87879',null,'6300','10','0');
Insert into KUNDE (KUNDENNUMMER,VORNAME,NAME,ANSPRECHPARTNER,STRASSE,PLZ,TELEFON,TELEFAX,UMSATZ,RABATTSATZ,ZAHLUNGSZIEL) values ('K034','Firma','Sunprint, Schreibdienst GmbH',null,'Am Achen 45','89150','05878/875',null,'18500','10','30');
REM INSERTING into MITARBEITER
SET DEFINE OFF;
Insert into MITARBEITER (MITARBEITERNUMMER,NAME,VORNAME,GESCHLECHT,STEUERKL,PLZ,STRASSE,GEBOREN,EINTRITT,ABTEILUNG,PROVISIONSSATZ,UMSATZ,GEHALT,KOSTENSTELLE) values ('F1001','Frey','Donald','M','III','89071','Weite Str. 12',to_date('12.12.70','DD.MM.RR'),to_date('01.04.85','DD.MM.RR'),'Verkauf','10','20000','6800','3');
Insert into MITARBEITER (MITARBEITERNUMMER,NAME,VORNAME,GESCHLECHT,STEUERKL,PLZ,STRASSE,GEBOREN,EINTRITT,ABTEILUNG,PROVISIONSSATZ,UMSATZ,GEHALT,KOSTENSTELLE) values ('F1002','Daumer','Ulla','W','I','89143','Karlstraße 23',to_date('01.09.65','DD.MM.RR'),to_date('01.10.92','DD.MM.RR'),'Einkauf','0','0','4600','1');
Insert into MITARBEITER (MITARBEITERNUMMER,NAME,VORNAME,GESCHLECHT,STEUERKL,PLZ,STRASSE,GEBOREN,EINTRITT,ABTEILUNG,PROVISIONSSATZ,UMSATZ,GEHALT,KOSTENSTELLE) values ('F1003','Gissing','Beate','W','III','89071','Olgastraß1 123',to_date('31.07.52','DD.MM.RR'),to_date('01.01.70','DD.MM.RR'),'Verwaltung','0','0','4350','2');
Insert into MITARBEITER (MITARBEITERNUMMER,NAME,VORNAME,GESCHLECHT,STEUERKL,PLZ,STRASSE,GEBOREN,EINTRITT,ABTEILUNG,PROVISIONSSATZ,UMSATZ,GEHALT,KOSTENSTELLE) values ('F1004','Schlauch','Angelika','W','I','71065','Neckaallee 81',to_date('04.04.78','DD.MM.RR'),to_date('01.08.89','DD.MM.RR'),'Verkauf','15','35000','5900','3');
Insert into MITARBEITER (MITARBEITERNUMMER,NAME,VORNAME,GESCHLECHT,STEUERKL,PLZ,STRASSE,GEBOREN,EINTRITT,ABTEILUNG,PROVISIONSSATZ,UMSATZ,GEHALT,KOSTENSTELLE) values ('F1005','Harr','Egon','M','II','89134','Ulmer Weg 56',to_date('07.07.75','DD.MM.RR'),to_date('01.09.93','DD.MM.RR'),'Verkauf','8','125000','4600','3');
Insert into MITARBEITER (MITARBEITERNUMMER,NAME,VORNAME,GESCHLECHT,STEUERKL,PLZ,STRASSE,GEBOREN,EINTRITT,ABTEILUNG,PROVISIONSSATZ,UMSATZ,GEHALT,KOSTENSTELLE) values ('F1006','Hennes','Andreas','M','I','89585','Lindenallee 12',to_date('18.10.72','DD.MM.RR'),to_date('01.01.90','DD.MM.RR'),'Einkauf','0','0','3900','1');
Insert into MITARBEITER (MITARBEITERNUMMER,NAME,VORNAME,GESCHLECHT,STEUERKL,PLZ,STRASSE,GEBOREN,EINTRITT,ABTEILUNG,PROVISIONSSATZ,UMSATZ,GEHALT,KOSTENSTELLE) values ('F1007','Mainzer','Heinz','M','I','70567','Allee 34',to_date('10.10.50','DD.MM.RR'),to_date('01.01.70','DD.MM.RR'),'Lager','12','0','3600','4');
Insert into MITARBEITER (MITARBEITERNUMMER,NAME,VORNAME,GESCHLECHT,STEUERKL,PLZ,STRASSE,GEBOREN,EINTRITT,ABTEILUNG,PROVISIONSSATZ,UMSATZ,GEHALT,KOSTENSTELLE) values ('F1008','Knaller','Willi','M','III','70329','Königsweg 56',to_date('08.03.54','DD.MM.RR'),to_date('01.04.72','DD.MM.RR'),'Lager','10','0','4200','4');
Insert into MITARBEITER (MITARBEITERNUMMER,NAME,VORNAME,GESCHLECHT,STEUERKL,PLZ,STRASSE,GEBOREN,EINTRITT,ABTEILUNG,PROVISIONSSATZ,UMSATZ,GEHALT,KOSTENSTELLE) values ('F1009','Gossler','Rainer','M','III','89143','Römerstraße 18',to_date('24.06.60','DD.MM.RR'),to_date('01.01.96','DD.MM.RR'),'Verwaltung','0','0','7500','2');
Insert into MITARBEITER (MITARBEITERNUMMER,NAME,VORNAME,GESCHLECHT,STEUERKL,PLZ,STRASSE,GEBOREN,EINTRITT,ABTEILUNG,PROVISIONSSATZ,UMSATZ,GEHALT,KOSTENSTELLE) values ('F1010','Lenker','Erwin','M','III','89150','Helfensteinerstr. 31',to_date('22.11.56','DD.MM.RR'),to_date('10.04.92','DD.MM.RR'),'Lager','0','0','4325','5');
Insert into MITARBEITER (MITARBEITERNUMMER,NAME,VORNAME,GESCHLECHT,STEUERKL,PLZ,STRASSE,GEBOREN,EINTRITT,ABTEILUNG,PROVISIONSSATZ,UMSATZ,GEHALT,KOSTENSTELLE) values ('F1011','Schlauch','Rudolf','M','I','89143','Karlstraße 12',to_date('11.10.60','DD.MM.RR'),to_date('01.10.93','DD.MM.RR'),'Lager','0','0','4250','5');
Insert into MITARBEITER (MITARBEITERNUMMER,NAME,VORNAME,GESCHLECHT,STEUERKL,PLZ,STRASSE,GEBOREN,EINTRITT,ABTEILUNG,PROVISIONSSATZ,UMSATZ,GEHALT,KOSTENSTELLE) values ('F1012','Mainzer','Erwin','M','I','89150','Marktplatz 1',to_date('11.06.59','DD.MM.RR'),to_date('01.04.92','DD.MM.RR'),'Lager','0','5','3600','4');
Insert into MITARBEITER (MITARBEITERNUMMER,NAME,VORNAME,GESCHLECHT,STEUERKL,PLZ,STRASSE,GEBOREN,EINTRITT,ABTEILUNG,PROVISIONSSATZ,UMSATZ,GEHALT,KOSTENSTELLE) values ('F1013','Anters','Vera','W','I','89071','Karlsplatz 3',to_date('02.04.66','DD.MM.RR'),to_date('01.10.91','DD.MM.RR'),'Einkauf','0','1','4200','1');
